Full Complaint ID,Complaint Year Number,Month Number,Record Create Date,Complaint Precinct Code,Patrol Borough Name,County,Law Code Category Description,Offense Description,PD Code Description,Bias Motive Description,Offense Category,Arrest Date,Arrest Id,Boroughs,Month Year,Year Month
201900512076217,2019,1,2019-01-03,5,PATROL BORO MAN SOUTH,NEW YORK,MISDEMEANOR,ASSAULT 3 & RELATED OFFENSES,ASSAULT 3,ANTI-MALE HOMOSEXUAL (GAY),Sexual Orientation,,,MANHATTAN,1-2019,2019-01
201901312150717,2019,1,2019-01-25,13,PATROL BORO MAN SOUTH,NEW YORK,MISDEMEANOR,CRIMINAL MISCHIEF & RELATED OF,"CRIMINAL MISCHIEF 4TH, GRAFFIT",ANTI-MALE HOMOSEXUAL (GAY),Sexual Orientation,,,MANHATTAN,1-2019,2019-01
201904612204817,2019,2,2019-02-08,46,PATROL BORO BRONX,BRONX,FELONY,FELONY ASSAULT,"ASSAULT 2,1,UNCLASSIFIED",ANTI-MALE HOMOSEXUAL (GAY),Sexual Orientation,2019-02-08,B31678218,BRONX,2-2019,2019-02
201902812124617,2019,2,2019-02-02,28,PATROL BORO MAN NORTH,NEW YORK,MISDEMEANOR,ASSAULT 3 & RELATED OFFENSES,ASSAULT 3,ANTI-MALE HOMOSEXUAL (GAY),Sexual Orientation,,,MANHATTAN,2-2019,2019-02
201903212155917,2019,2,2019-02-16,32,PATROL BORO MAN NORTH,NEW YORK,MISDEMEANOR,CRIMINAL MISCHIEF & RELATED OF,"CRIMINAL MISCHIEF 4TH, GRAFFIT",ANTI-MALE HOMOSEXUAL (GAY),Sexual Orientation,,,MANHATTAN,2-2019,2019-02
201908412176417,2019,2,2019-02-27,84,PATROL BORO BKLYN NORTH,KINGS,MISDEMEANOR,OFF. AGNST PUB ORD SENSBLTY &,AGGRAVATED HARASSMENT 2,ANTI-LGBT (MIXED GROUP),Sexual Orientation,,,BROOKLYN,2-2019,2019-02
201907912268617,2019,3,2019-03-29,79,PATROL BORO BKLYN NORTH,KINGS,MISDEMEANOR,ASSAULT 3 & RELATED OFFENSES,ASSAULT 3,ANTI-MALE HOMOSEXUAL (GAY),Sexual Orientation,2019-03-29,K31688657,BROOKLYN,3-2019,2019-03
201901812274317,2019,3,2019-03-16,18,PATROL BORO MAN SOUTH,NEW YORK,FELONY,ROBBERY,"ROBBERY,PERSONAL ELECTRONIC DEVICE",ANTI-MALE HOMOSEXUAL (GAY),Sexual Orientation,2019-03-17,M31684401,MANHATTAN,3-2019,2019-03
201900912215017,2019,3,2019-03-31,9,PATROL BORO MAN SOUTH,NEW YORK,MISDEMEANOR,ASSAULT 3 & RELATED OFFENSES,ASSAULT 3,ANTI-MALE HOMOSEXUAL (GAY),Sexual Orientation,2019-05-10,M31693499,MANHATTAN,3-2019,2019-03
201900912215017,2019,3,2019-03-31,9,PATROL BORO MAN SOUTH,NEW YORK,MISDEMEANOR,ASSAULT 3 & RELATED OFFENSES,ASSAULT 3,ANTI-MALE HOMOSEXUAL (GAY),Sexual Orientation,,,MANHATTAN,3-2019,2019-03
201907512550517,2019,4,2019-04-08,75,PATROL BORO BKLYN NORTH,KINGS,FELONY,FELONY ASSAULT,"ASSAULT 2,1,UNCLASSIFIED",ANTI-FEMALE HOMOSEXUAL (LESBIAN),Sexual Orientation,2019-04-08,K31690691,BROOKLYN,4-2019,2019-04
201910712236517,2019,4,2019-04-03,107,PATROL BORO QUEENS SOUTH,QUEENS,MISDEMEANOR,ASSAULT 3 & RELATED OFFENSES,ASSAULT 3,ANTI-MALE HOMOSEXUAL (GAY),Sexual Orientation,2019-04-04,Q31684836,QUEENS,4-2019,2019-04
201910712236517,2019,4,2019-04-03,107,PATROL BORO QUEENS SOUTH,QUEENS,MISDEMEANOR,ASSAULT 3 & RELATED OFFENSES,ASSAULT 3,ANTI-MALE HOMOSEXUAL (GAY),Sexual Orientation,2019-04-05,Q31685005,QUEENS,4-2019,2019-04
201903412272117,2019,4,2019-04-21,34,PATROL BORO MAN NORTH,NEW YORK,MISDEMEANOR,CRIMINAL MISCHIEF & RELATED OF,"CRIMINAL MISCHIEF 4TH, GRAFFIT",ANTI-MALE HOMOSEXUAL (GAY),Sexual Orientation,,,MANHATTAN,4-2019,2019-04
201907112253717,2019,4,2019-04-04,71,PATROL BORO BKLYN SOUTH,KINGS,MISDEMEANOR,ASSAULT 3 & RELATED OFFENSES,ASSAULT 3,ANTI-MALE HOMOSEXUAL (GAY),Sexual Orientation,,,BROOKLYN,4-2019,2019-04
201901812396417,2019,4,2019-04-26,18,PATROL BORO MAN SOUTH,NEW YORK,FELONY,ROBBERY,"ROBBERY,PERSONAL ELECTRONIC DEVICE",ANTI-MALE HOMOSEXUAL (GAY),Sexual Orientation,,,MANHATTAN,4-2019,2019-04
201910712265617,2019,4,2019-04-17,107,PATROL BORO QUEENS SOUTH,QUEENS,MISDEMEANOR,CRIMINAL MISCHIEF & RELATED OF,"CRIMINAL MISCHIEF,UNCLASSIFIED 4",ANTI-MALE HOMOSEXUAL (GAY),Sexual Orientation,,,QUEENS,4-2019,2019-04
201906812287517,2019,5,2019-05-19,68,PATROL BORO BKLYN SOUTH,KINGS,FELONY,ROBBERY,"ROBBERY,DWELLING",ANTI-MALE HOMOSEXUAL (GAY),Sexual Orientation,2019-06-25,K31704696,BROOKLYN,5-2019,2019-05
201903212380917,2019,5,2019-05-31,32,PATROL BORO MAN NORTH,NEW YORK,MISDEMEANOR,CRIMINAL MISCHIEF & RELATED OF,"MISCHIEF, CRIMINAL 4, BY FIRE",ANTI-LGBT (MIXED GROUP),Sexual Orientation,2019-07-09,M31702799,MANHATTAN,5-2019,2019-05
201901412509517,2019,5,2019-05-06,14,PATROL BORO MAN SOUTH,NEW YORK,MISDEMEANOR,OFF. AGNST PUB ORD SENSBLTY &,AGGRAVATED HARASSMENT 2,ANTI-LGBT (MIXED GROUP),Sexual Orientation,,,MANHATTAN,5-2019,2019-05
201910412384417,2019,5,2019-05-23,104,PATROL BORO QUEENS NORTH,QUEENS,MISDEMEANOR,ASSAULT 3 & RELATED OFFENSES,"MENACING,UNCLASSIFIED",ANTI-MALE HOMOSEXUAL (GAY),Sexual Orientation,,,QUEENS,5-2019,2019-05
201909412267917,2019,6,2019-06-10,94,PATROL BORO BKLYN NORTH,KINGS,MISDEMEANOR,ASSAULT 3 & RELATED OFFENSES,ASSAULT 3,ANTI-MALE HOMOSEXUAL (GAY),Sexual Orientation,2019-06-11,K31702285,BROOKLYN,6-2019,2019-06
201900112502817,2019,6,2019-06-30,1,PATROL BORO MAN SOUTH,NEW YORK,MISDEMEANOR,OFF. AGNST PUB ORD SENSBLTY &,AGGRAVATED HARASSMENT 2,ANTI-FEMALE HOMOSEXUAL (LESBIAN),Sexual Orientation,,,MANHATTAN,6-2019,2019-06
201900612299917,2019,6,2019-06-07,6,PATROL BORO MAN SOUTH,NEW YORK,FELONY,ROBBERY,"ROBBERY,NECKCHAIN/JEWELRY",ANTI-MALE HOMOSEXUAL (GAY),Sexual Orientation,,,MANHATTAN,6-2019,2019-06
201901312619417,2019,6,2019-07-02,13,PATROL BORO MAN SOUTH,NEW YORK,MISDEMEANOR,CRIMINAL MISCHIEF & RELATED OF,"CRIMINAL MISCHIEF 4TH, GRAFFIT",ANTI-MALE HOMOSEXUAL (GAY),Sexual Orientation,,,MANHATTAN,6-2019,2019-06
201907612214417,2019,6,2019-06-12,76,PATROL BORO BKLYN SOUTH,KINGS,FELONY,CRIMINAL MISCHIEF & RELATED OF,CRIMINAL MIS 2 & 3,ANTI-MALE HOMOSEXUAL (GAY),Sexual Orientation,,,BROOKLYN,6-2019,2019-06
201907612245617,2019,7,2019-07-13,76,PATROL BORO BKLYN SOUTH,KINGS,FELONY,FELONY ASSAULT,"ASSAULT 2,1,UNCLASSIFIED",ANTI-MALE HOMOSEXUAL (GAY),Sexual Orientation,2019-07-13,K31708016,BROOKLYN,7-2019,2019-07
201907612245617,2019,7,2019-07-13,76,PATROL BORO BKLYN SOUTH,KINGS,FELONY,FELONY ASSAULT,"ASSAULT 2,1,UNCLASSIFIED",ANTI-MALE HOMOSEXUAL (GAY),Sexual Orientation,2019-07-13,K31708045,BROOKLYN,7-2019,2019-07
201907912598517,2019,7,2019-07-28,79,PATROL BORO BKLYN NORTH,KINGS,FELONY,ROBBERY,"ROBBERY,PERSONAL ELECTRONIC DEVICE",ANTI-MALE HOMOSEXUAL (GAY),Sexual Orientation,2019-07-28,K31710604,BROOKLYN,7-2019,2019-07
201907912598517,2019,7,2019-07-28,79,PATROL BORO BKLYN NORTH,KINGS,FELONY,ROBBERY,"ROBBERY,PERSONAL ELECTRONIC DEVICE",ANTI-MALE HOMOSEXUAL (GAY),Sexual Orientation,2019-07-28,K31710607,BROOKLYN,7-2019,2019-07
201903212465317,2019,7,2019-07-08,32,PATROL BORO MAN NORTH,NEW YORK,MISDEMEANOR,CRIMINAL MISCHIEF & RELATED OF,"MISCHIEF, CRIMINAL 4, BY FIRE",ANTI-MALE HOMOSEXUAL (GAY),Sexual Orientation,2019-07-09,M31702800,MANHATTAN,7-2019,2019-07
201901312652217,2019,7,2019-07-13,13,PATROL BORO MAN SOUTH,NEW YORK,MISDEMEANOR,CRIMINAL MISCHIEF & RELATED OF,"CRIMINAL MISCHIEF 4TH, GRAFFIT",ANTI-MALE HOMOSEXUAL (GAY),Sexual Orientation,,,MANHATTAN,7-2019,2019-07
201901412733017,2019,7,2019-07-09,14,PATROL BORO MAN SOUTH,NEW YORK,MISDEMEANOR,CRIMINAL MISCHIEF & RELATED OF,"CRIMINAL MISCHIEF 4TH, GRAFFIT",ANTI-LGBT (MIXED GROUP),Sexual Orientation,,,MANHATTAN,7-2019,2019-07
201901412757317,2019,7,2019-07-15,14,PATROL BORO MAN SOUTH,NEW YORK,MISDEMEANOR,CRIMINAL MISCHIEF & RELATED OF,"CRIMINAL MISCHIEF 4TH, GRAFFIT",ANTI-LGBT (MIXED GROUP),Sexual Orientation,,,MANHATTAN,7-2019,2019-07
201910412549617,2019,7,2019-07-26,104,PATROL BORO QUEENS NORTH,QUEENS,FELONY,MISCELLANEOUS PENAL LAW,AGGRAVATED HARASSMENT 1,ANTI-LGBT (MIXED GROUP),Sexual Orientation,,,QUEENS,7-2019,2019-07
201907212469417,2019,7,2019-07-26,72,PATROL BORO BKLYN SOUTH,KINGS,MISDEMEANOR,CRIMINAL MISCHIEF & RELATED OF,"CRIMINAL MISCHIEF 4TH, GRAFFIT",ANTI-MALE HOMOSEXUAL (GAY),Sexual Orientation,,,BROOKLYN,7-2019,2019-07
201907612245617,2019,7,2019-07-13,76,PATROL BORO BKLYN SOUTH,KINGS,FELONY,FELONY ASSAULT,"ASSAULT 2,1,UNCLASSIFIED",ANTI-MALE HOMOSEXUAL (GAY),Sexual Orientation,,,BROOKLYN,7-2019,2019-07
201907513199517,2019,8,2019-08-04,75,PATROL BORO BKLYN NORTH,KINGS,FELONY,FELONY ASSAULT,"ASSAULT 2,1,UNCLASSIFIED",ANTI-MALE HOMOSEXUAL (GAY),Sexual Orientation,2019-08-21,K31714905,BROOKLYN,8-2019,2019-08
201900912710717,2019,8,2020-07-07,9,PATROL BORO MAN SOUTH,NEW YORK,MISDEMEANOR,CRIMINAL MISCHIEF & RELATED OF,"CRIMINAL MISCHIEF 4TH, GRAFFIT",ANTI-MALE HOMOSEXUAL (GAY),Sexual Orientation,,,MANHATTAN,8-2019,2019-08
201908812430617,2019,9,2019-09-15,88,PATROL BORO BKLYN NORTH,KINGS,MISDEMEANOR,ASSAULT 3 & RELATED OFFENSES,"MENACING,UNCLASSIFIED",ANTI-MALE HOMOSEXUAL (GAY),Sexual Orientation,2019-09-15,K31718849,BROOKLYN,9-2019,2019-09
201902512693417,2019,9,2019-09-05,25,PATROL BORO MAN NORTH,NEW YORK,FELONY,FELONY ASSAULT,"ASSAULT 2,1,UNCLASSIFIED",ANTI-FEMALE HOMOSEXUAL (LESBIAN),Sexual Orientation,2019-09-05,M31712034,MANHATTAN,9-2019,2019-09
201902512693417,2019,9,2019-09-05,25,PATROL BORO MAN NORTH,NEW YORK,FELONY,FELONY ASSAULT,"ASSAULT 2,1,UNCLASSIFIED",ANTI-FEMALE HOMOSEXUAL (LESBIAN),Sexual Orientation,2019-09-05,M31712037,MANHATTAN,9-2019,2019-09
201902512693417,2019,9,2019-09-05,25,PATROL BORO MAN NORTH,NEW YORK,FELONY,FELONY ASSAULT,"ASSAULT 2,1,UNCLASSIFIED",ANTI-FEMALE HOMOSEXUAL (LESBIAN),Sexual Orientation,2019-09-05,M31712039,MANHATTAN,9-2019,2019-09
201911512784517,2019,9,2019-09-12,115,PATROL BORO QUEENS NORTH,QUEENS,FELONY,FELONY ASSAULT,"ASSAULT 2,1,UNCLASSIFIED",ANTI-MALE HOMOSEXUAL (GAY),Sexual Orientation,2019-12-16,Q31717201,QUEENS,9-2019,2019-09
201911512784617,2019,9,2019-09-12,115,PATROL BORO QUEENS NORTH,QUEENS,MISDEMEANOR,ASSAULT 3 & RELATED OFFENSES,ASSAULT 3,ANTI-MALE HOMOSEXUAL (GAY),Sexual Orientation,2019-12-16,Q31717202,QUEENS,9-2019,2019-09
201911512784517,2019,9,2019-09-12,115,PATROL BORO QUEENS NORTH,QUEENS,FELONY,FELONY ASSAULT,"ASSAULT 2,1,UNCLASSIFIED",ANTI-MALE HOMOSEXUAL (GAY),Sexual Orientation,2020-01-22,Q32674324,QUEENS,9-2019,2019-09
201911512784517,2019,9,2019-09-12,115,PATROL BORO QUEENS NORTH,QUEENS,FELONY,FELONY ASSAULT,"ASSAULT 2,1,UNCLASSIFIED",ANTI-MALE HOMOSEXUAL (GAY),Sexual Orientation,2020-01-22,Q32674328,QUEENS,9-2019,2019-09
201911512784617,2019,9,2019-09-12,115,PATROL BORO QUEENS NORTH,QUEENS,MISDEMEANOR,ASSAULT 3 & RELATED OFFENSES,ASSAULT 3,ANTI-MALE HOMOSEXUAL (GAY),Sexual Orientation,2020-01-22,Q32674331,QUEENS,9-2019,2019-09
201911512784617,2019,9,2019-09-12,115,PATROL BORO QUEENS NORTH,QUEENS,MISDEMEANOR,ASSAULT 3 & RELATED OFFENSES,ASSAULT 3,ANTI-MALE HOMOSEXUAL (GAY),Sexual Orientation,2020-01-22,Q32674334,QUEENS,9-2019,2019-09
201908412543317,2019,9,2019-09-14,84,PATROL BORO BKLYN NORTH,KINGS,MISDEMEANOR,ASSAULT 3 & RELATED OFFENSES,ASSAULT 3,ANTI-MALE HOMOSEXUAL (GAY),Sexual Orientation,,,BROOKLYN,9-2019,2019-09
201912212498017,2019,9,2019-09-15,122,PATROL BORO STATEN ISLAND,RICHMOND,MISDEMEANOR,ASSAULT 3 & RELATED OFFENSES,ASSAULT 3,ANTI-MALE HOMOSEXUAL (GAY),Sexual Orientation,,,STATEN ISLAND,9-2019,2019-09
201907612335617,2019,10,2019-10-21,76,PATROL BORO BKLYN SOUTH,KINGS,MISDEMEANOR,ASSAULT 3 & RELATED OFFENSES,ASSAULT 3,ANTI-MALE HOMOSEXUAL (GAY),Sexual Orientation,2019-10-21,K31724759,BROOKLYN,10-2019,2019-10
201906713099717,2019,10,2019-10-30,67,PATROL BORO BKLYN SOUTH,KINGS,FELONY,FELONY ASSAULT,"ASSAULT 2,1,UNCLASSIFIED",ANTI-MALE HOMOSEXUAL (GAY),Sexual Orientation,2019-10-30,K31726204,BROOKLYN,10-2019,2019-10
201901812890617,2019,10,2019-10-05,18,PATROL BORO MAN SOUTH,NEW YORK,MISDEMEANOR,CRIMINAL MISCHIEF & RELATED OF,"CRIMINAL MISCHIEF,UNCLASSIFIED 4",ANTI-MALE HOMOSEXUAL (GAY),Sexual Orientation,2019-10-23,M31719199,MANHATTAN,10-2019,2019-10
201901312911717,2019,10,2019-10-07,13,PATROL BORO MAN SOUTH,NEW YORK,MISDEMEANOR,CRIMINAL MISCHIEF & RELATED OF,"CRIMINAL MISCHIEF 4TH, GRAFFIT",ANTI-MALE HOMOSEXUAL (GAY),Sexual Orientation,,,MANHATTAN,10-2019,2019-10
201906112647217,2019,10,2019-10-29,61,PATROL BORO BKLYN SOUTH,KINGS,MISDEMEANOR,OFF. AGNST PUB ORD SENSBLTY &,AGGRAVATED HARASSMENT 2,ANTI-MALE HOMOSEXUAL (GAY),Sexual Orientation,,,BROOKLYN,10-2019,2019-10
201907513730717,2019,11,2019-11-06,75,PATROL BORO BKLYN NORTH,KINGS,FELONY,FELONY ASSAULT,"ASSAULT 2,1,UNCLASSIFIED",ANTI-MALE HOMOSEXUAL (GAY),Sexual Orientation,2019-11-05,K31727109,BROOKLYN,11-2019,2019-11
201903312542117,2019,11,2019-11-11,33,PATROL BORO MAN NORTH,NEW YORK,FELONY,FELONY ASSAULT,"ASSAULT 2,1,UNCLASSIFIED",ANTI-FEMALE HOMOSEXUAL (LESBIAN),Sexual Orientation,2019-11-11,M31721880,MANHATTAN,11-2019,2019-11
201904613204817,2019,11,2019-11-22,46,PATROL BORO BRONX,BRONX,FELONY,FELONY ASSAULT,"ASSAULT 2,1,UNCLASSIFIED",ANTI-MALE HOMOSEXUAL (GAY),Sexual Orientation,,,BRONX,11-2019,2019-11
201902312728217,2019,11,2019-11-29,23,PATROL BORO MAN NORTH,NEW YORK,MISDEMEANOR,OFF. AGNST PUB ORD SENSBLTY &,AGGRAVATED HARASSMENT 2,ANTI-MALE HOMOSEXUAL (GAY),Sexual Orientation,,,MANHATTAN,11-2019,2019-11
201901413212917,2019,11,2019-11-18,14,PATROL BORO MAN SOUTH,NEW YORK,MISDEMEANOR,ASSAULT 3 & RELATED OFFENSES,ASSAULT 3,ANTI-MALE HOMOSEXUAL (GAY),Sexual Orientation,,,MANHATTAN,11-2019,2019-11
201907812515817,2019,11,2019-11-13,78,PATROL BORO BKLYN SOUTH,KINGS,MISDEMEANOR,CRIMINAL MISCHIEF & RELATED OF,"MISCHIEF, CRIMINAL 4, BY FIRE",ANTI-LGBT (MIXED GROUP),Sexual Orientation,,,BROOKLYN,11-2019,2019-11
201909412495217,2019,12,2019-12-05,94,PATROL BORO BKLYN NORTH,KINGS,MISDEMEANOR,CRIMINAL MISCHIEF & RELATED OF,"CRIMINAL MISCHIEF 4TH, GRAFFIT",ANTI-MALE HOMOSEXUAL (GAY),Sexual Orientation,,,BROOKLYN,12-2019,2019-12
201911513040817,2019,12,2019-12-08,115,PATROL BORO QUEENS NORTH,QUEENS,MISDEMEANOR,ASSAULT 3 & RELATED OFFENSES,ASSAULT 3,ANTI-MALE HOMOSEXUAL (GAY),Sexual Orientation,,,QUEENS,12-2019,2019-12
202003012103417,2020,1,2020-01-24,30,PATROL BORO MAN NORTH,NEW YORK,MISDEMEANOR,ASSAULT 3 & RELATED OFFENSES,ASSAULT 3,ANTI-LGBT (MIXED GROUP),Sexual Orientation,2020-01-30,M32676128,MANHATTAN,1-2020,2020-01
202003012103417,2020,1,2020-01-24,30,PATROL BORO MAN NORTH,NEW YORK,MISDEMEANOR,ASSAULT 3 & RELATED OFFENSES,ASSAULT 3,ANTI-LGBT (MIXED GROUP),Sexual Orientation,2020-02-19,M32678917,MANHATTAN,1-2020,2020-01
202001012277017,2020,1,2020-06-30,10,PATROL BORO MAN SOUTH,NEW YORK,FELONY,SEX CRIMES,SEXUAL ABUSE,ANTI-MALE HOMOSEXUAL (GAY),Sexual Orientation,2021-02-22,M33677656,MANHATTAN,1-2020,2020-01
202007112135317,2020,1,2020-02-04,71,PATROL BORO BKLYN SOUTH,KINGS,FELONY,MISCELLANEOUS PENAL LAW,AGGRAVATED HARASSMENT 1,ANTI-MALE HOMOSEXUAL (GAY),Sexual Orientation,,,BROOKLYN,1-2020,2020-01
202004412215017,2020,2,2020-02-06,44,PATROL BORO BRONX,BRONX,MISDEMEANOR,ASSAULT 3 & RELATED OFFENSES,ASSAULT 3,ANTI-MALE HOMOSEXUAL (GAY),Sexual Orientation,2020-02-06,B32676594,BRONX,2-2020,2020-02
202004412287617,2020,2,2020-02-26,44,PATROL BORO BRONX,BRONX,MISDEMEANOR,ASSAULT 3 & RELATED OFFENSES,"MENACING,UNCLASSIFIED",ANTI-MALE HOMOSEXUAL (GAY),Sexual Orientation,,,BRONX,2-2020,2020-02
202002812142317,2020,2,2020-02-11,28,PATROL BORO MAN NORTH,NEW YORK,MISDEMEANOR,OFF. AGNST PUB ORD SENSBLTY &,AGGRAVATED HARASSMENT 2,ANTI-MALE HOMOSEXUAL (GAY),Sexual Orientation,,,MANHATTAN,2-2020,2020-02
202004012336917,2020,3,2020-03-02,40,PATROL BORO BRONX,BRONX,MISDEMEANOR,ASSAULT 3 & RELATED OFFENSES,ASSAULT 3,ANTI-FEMALE HOMOSEXUAL (LESBIAN),Sexual Orientation,,,BRONX,3-2020,2020-03
202011512290517,2020,3,2020-03-18,115,PATROL BORO QUEENS NORTH,QUEENS,FELONY,CRIMINAL MISCHIEF & RELATED OF,"MISCHIEF,CRIMINAL,    UNCL 2ND",ANTI-MALE HOMOSEXUAL (GAY),Sexual Orientation,,,QUEENS,3-2020,2020-03
202002312275017,2020,4,2020-04-14,23,PATROL BORO MAN NORTH,NEW YORK,FELONY,MISCELLANEOUS PENAL LAW,AGGRAVATED HARASSMENT 1,ANTI-FEMALE HOMOSEXUAL (LESBIAN),Sexual Orientation,,,MANHATTAN,4-2020,2020-04
202001012217017,2020,5,2020-05-05,10,PATROL BORO MAN SOUTH,NEW YORK,FELONY,ROBBERY,"ROBBERY,DWELLING",ANTI-MALE HOMOSEXUAL (GAY),Sexual Orientation,2020-07-16,M32692250,MANHATTAN,5-2020,2020-05
202011212227317,2020,5,2020-05-24,112,PATROL BORO QUEENS NORTH,QUEENS,MISDEMEANOR,ASSAULT 3 & RELATED OFFENSES,ASSAULT 3,ANTI-MALE HOMOSEXUAL (GAY),Sexual Orientation,2020-05-24,Q32685894,QUEENS,5-2020,2020-05
202002012211417,2020,5,2020-05-12,20,PATROL BORO MAN NORTH,NEW YORK,FELONY,MISCELLANEOUS PENAL LAW,AGGRAVATED HARASSMENT 1,ANTI-FEMALE HOMOSEXUAL (LESBIAN),Sexual Orientation,,,MANHATTAN,5-2020,2020-05
202001012253017,2020,6,2020-06-12,10,PATROL BORO MAN SOUTH,NEW YORK,FELONY,FELONY ASSAULT,"ASSAULT 2,1,UNCLASSIFIED",ANTI-MALE HOMOSEXUAL (GAY),Sexual Orientation,2020-06-12,M32690599,MANHATTAN,6-2020,2020-06
202012012411217,2020,6,2020-06-09,120,PATROL BORO STATEN ISLAND,RICHMOND,FELONY,ROBBERY,"ROBBERY,OPEN AREA UNCLASSIFIED",ANTI-MALE HOMOSEXUAL (GAY),Sexual Orientation,,,STATEN ISLAND,6-2020,2020-06
202004012762317,2020,7,2020-07-07,40,PATROL BORO BRONX,BRONX,FELONY,ROBBERY,"ROBBERY,OPEN AREA UNCLASSIFIED",ANTI-MALE HOMOSEXUAL (GAY),Sexual Orientation,2020-07-07,B32690509,BRONX,7-2020,2020-07
202004012762317,2020,7,2020-07-07,40,PATROL BORO BRONX,BRONX,FELONY,ROBBERY,"ROBBERY,OPEN AREA UNCLASSIFIED",ANTI-MALE HOMOSEXUAL (GAY),Sexual Orientation,2020-07-07,B32690513,BRONX,7-2020,2020-07
202010012305417,2020,7,2020-08-11,100,PATROL BORO QUEENS SOUTH,QUEENS,VIOLATION,HARRASSMENT 2,"HARASSMENT,SUBD 1,CIVILIAN",ANTI-MALE HOMOSEXUAL (GAY),Sexual Orientation,2020-10-14,Q32696686,QUEENS,7-2020,2020-07
202006012482217,2020,8,2020-08-09,60,PATROL BORO BKLYN SOUTH,KINGS,FELONY,MISCELLANEOUS PENAL LAW,AGGRAVATED HARASSMENT 1,ANTI-MALE HOMOSEXUAL (GAY),Sexual Orientation,2020-08-09,K32696544,BROOKLYN,8-2020,2020-08
202010012307317,2020,8,2020-08-12,100,PATROL BORO QUEENS SOUTH,QUEENS,VIOLATION,HARRASSMENT 2,"HARASSMENT,SUBD 3,4,5",ANTI-MALE HOMOSEXUAL (GAY),Sexual Orientation,2020-10-14,Q32696687,QUEENS,8-2020,2020-08
202010012315917,2020,8,2020-08-19,100,PATROL BORO QUEENS SOUTH,QUEENS,MISDEMEANOR,OFF. AGNST PUB ORD SENSBLTY &,AGGRAVATED HARASSMENT 2,ANTI-MALE HOMOSEXUAL (GAY),Sexual Orientation,2020-10-14,Q32696688,QUEENS,8-2020,2020-08
202012012524517,2020,8,2020-08-01,120,PATROL BORO STATEN ISLAND,RICHMOND,MISDEMEANOR,ASSAULT 3 & RELATED OFFENSES,ASSAULT 3,ANTI-MALE HOMOSEXUAL (GAY),Sexual Orientation,2020-08-06,S32675775,STATEN ISLAND,8-2020,2020-08
202006012482217,2020,8,2020-08-09,60,PATROL BORO BKLYN SOUTH,KINGS,FELONY,MISCELLANEOUS PENAL LAW,AGGRAVATED HARASSMENT 1,ANTI-MALE HOMOSEXUAL (GAY),Sexual Orientation,,,BROOKLYN,8-2020,2020-08
202010112462317,2020,9,2020-09-07,101,PATROL BORO QUEENS SOUTH,QUEENS,FELONY,MURDER & NON-NEGL. MANSLAUGHTE,"MANSLAUGHTER,UNCLASSIFIED - NO",ANTI-MALE HOMOSEXUAL (GAY),Sexual Orientation,2020-09-07,Q32693311,QUEENS,9-2020,2020-09
202000112523117,2020,9,2020-09-27,1,PATROL BORO MAN SOUTH,NEW YORK,MISDEMEANOR,ASSAULT 3 & RELATED OFFENSES,ASSAULT 3,ANTI-MALE HOMOSEXUAL (GAY),Sexual Orientation,,,MANHATTAN,9-2020,2020-09
202005212855217,2020,9,2020-09-18,52,PATROL BORO BRONX,BRONX,MISDEMEANOR,CRIMINAL MISCHIEF & RELATED OF,"CRIMINAL MISCHIEF 4TH, GRAFFIT",ANTI-LGBT (MIXED GROUP),Sexual Orientation,,,BRONX,9-2020,2020-09
202004812794517,2020,10,2020-10-08,48,PATROL BORO BRONX,BRONX,MISDEMEANOR,ASSAULT 3 & RELATED OFFENSES,"MENACING,UNCLASSIFIED",ANTI-MALE HOMOSEXUAL (GAY),Sexual Orientation,2020-10-08,B32698112,BRONX,10-2020,2020-10
202001012410217,2020,10,2020-10-13,10,PATROL BORO MAN SOUTH,NEW YORK,MISDEMEANOR,OFF. AGNST PUB ORD SENSBLTY &,AGGRAVATED HARASSMENT 2,ANTI-MALE HOMOSEXUAL (GAY),Sexual Orientation,2020-11-30,M32704105,MANHATTAN,10-2020,2020-10
202010012361717,2020,10,2020-10-02,100,PATROL BORO QUEENS SOUTH,QUEENS,MISDEMEANOR,OFF. AGNST PUB ORD SENSBLTY &,AGGRAVATED HARASSMENT 2,ANTI-MALE HOMOSEXUAL (GAY),Sexual Orientation,2020-10-14,Q32696681,QUEENS,10-2020,2020-10
202001012396417,2020,10,2020-10-01,10,PATROL BORO MAN SOUTH,NEW YORK,FELONY,MISCELLANEOUS PENAL LAW,AGGRAVATED HARASSMENT 1,ANTI-MALE HOMOSEXUAL (GAY),Sexual Orientation,,,MANHATTAN,10-2020,2020-10
202003012447017,2020,10,2020-10-09,30,PATROL BORO MAN NORTH,NEW YORK,MISDEMEANOR,CRIMINAL MISCHIEF & RELATED OF,"CRIMINAL MISCHIEF 4TH, GRAFFIT",ANTI-MALE HOMOSEXUAL (GAY),Sexual Orientation,,,MANHATTAN,10-2020,2020-10
202006712925617,2020,10,2020-10-18,67,PATROL BORO BKLYN SOUTH,KINGS,MISDEMEANOR,OFF. AGNST PUB ORD SENSBLTY &,AGGRAVATED HARASSMENT 2,ANTI-MALE HOMOSEXUAL (GAY),Sexual Orientation,,,BROOKLYN,10-2020,2020-10
202001312781717,2020,11,2020-11-22,13,PATROL BORO MAN SOUTH,NEW YORK,MISDEMEANOR,ASSAULT 3 & RELATED OFFENSES,ASSAULT 3,ANTI-MALE HOMOSEXUAL (GAY),Sexual Orientation,2021-01-04,M33672323,MANHATTAN,11-2020,2020-11
202004013353317,2020,12,2020-12-13,40,PATROL BORO BRONX,BRONX,FELONY,FELONY ASSAULT,"ASSAULT 2,1,UNCLASSIFIED",ANTI-FEMALE HOMOSEXUAL (LESBIAN),Sexual Orientation,2021-01-08,B33672940,BRONX,12-2020,2020-12
202001812697817,2020,12,2020-12-04,18,PATROL BORO MAN SOUTH,NEW YORK,FELONY,FELONY ASSAULT,"ASSAULT 2,1,UNCLASSIFIED",ANTI-MALE HOMOSEXUAL (GAY),Sexual Orientation,2020-12-15,M32705927,MANHATTAN,12-2020,2020-12
202002412581417,2020,12,2020-12-16,24,PATROL BORO MAN NORTH,NEW YORK,FELONY,MISCELLANEOUS PENAL LAW,AGGRAVATED HARASSMENT 1,ANTI-MALE HOMOSEXUAL (GAY),Sexual Orientation,,,MANHATTAN,12-2020,2020-12
202004013353317,2020,12,2020-12-13,40,PATROL BORO BRONX,BRONX,FELONY,FELONY ASSAULT,"ASSAULT 2,1,UNCLASSIFIED",ANTI-FEMALE HOMOSEXUAL (LESBIAN),Sexual Orientation,,,BRONX,12-2020,2020-12
202101312110917,2021,1,2021-01-21,13,PATROL BORO MAN SOUTH,NEW YORK,MISDEMEANOR,ASSAULT 3 & RELATED OFFENSES,ASSAULT 3,ANTI-MALE HOMOSEXUAL (GAY),Sexual Orientation,2021-02-09,M33676236,MANHATTAN,1-2021,2021-01
202108412135017,2021,2,2021-02-10,84,PATROL BORO BKLYN NORTH,KINGS,MISDEMEANOR,OFF. AGNST PUB ORD SENSBLTY &,AGGRAVATED HARASSMENT 2,ANTI-MALE HOMOSEXUAL (GAY),Sexual Orientation,2021-03-13,K33681624,BROOKLYN,2-2021,2021-02
202110112170417,2021,2,2021-03-11,101,PATROL BORO QUEENS SOUTH,QUEENS,MISDEMEANOR,ASSAULT 3 & RELATED OFFENSES,ASSAULT 3,ANTI-MALE HOMOSEXUAL (GAY),Sexual Orientation,2021-09-23,Q33697244,QUEENS,2-2021,2021-02
202100612119517,2021,2,2021-02-13,6,PATROL BORO MAN SOUTH,NEW YORK,MISDEMEANOR,SEX CRIMES,"SEXUAL ABUSE 3,2",ANTI-FEMALE HOMOSEXUAL (LESBIAN),Sexual Orientation,,,MANHATTAN,2-2021,2021-02
202107712197117,2021,3,2021-03-18,77,PATROL BORO BKLYN NORTH,KINGS,MISDEMEANOR,CRIMINAL MISCHIEF & RELATED OF,"CRIMINAL MISCHIEF 4TH, GRAFFIT",ANTI-MALE HOMOSEXUAL (GAY),Sexual Orientation,,,BROOKLYN,3-2021,2021-03
202104212343917,2021,4,2021-04-09,42,PATROL BORO BRONX,BRONX,MISDEMEANOR,ASSAULT 3 & RELATED OFFENSES,ASSAULT 3,ANTI-MALE HOMOSEXUAL (GAY),Sexual Orientation,2021-04-09,B33682164,BRONX,4-2021,2021-04
202103412277017,2021,4,2021-04-29,34,PATROL BORO MAN NORTH,NEW YORK,MISDEMEANOR,OFF. AGNST PUB ORD SENSBLTY &,AGGRAVATED HARASSMENT 2,ANTI-MALE HOMOSEXUAL (GAY),Sexual Orientation,2021-06-03,M33688566,MANHATTAN,4-2021,2021-04
202111412403817,2021,4,2021-04-12,114,PATROL BORO QUEENS NORTH,QUEENS,FELONY,ROBBERY,"ROBBERY,RESIDENTIAL COMMON AREA",ANTI-MALE HOMOSEXUAL (GAY),Sexual Orientation,2021-04-12,Q33681793,QUEENS,4-2021,2021-04
202101412397817,2021,4,2021-04-25,14,PATROL BORO MAN SOUTH,NEW YORK,MISDEMEANOR,ASSAULT 3 & RELATED OFFENSES,ASSAULT 3,ANTI-MALE HOMOSEXUAL (GAY),Sexual Orientation,,,MANHATTAN,4-2021,2021-04
202101912323517,2021,4,2021-04-26,19,PATROL BORO MAN NORTH,NEW YORK,MISDEMEANOR,ASSAULT 3 & RELATED OFFENSES,ASSAULT 3,ANTI-MALE HOMOSEXUAL (GAY),Sexual Orientation,,,MANHATTAN,4-2021,2021-04
202106112265617,2021,4,2021-04-27,61,PATROL BORO BKLYN SOUTH,KINGS,MISDEMEANOR,OFF. AGNST PUB ORD SENSBLTY &,AGGRAVATED HARASSMENT 2,ANTI-MALE HOMOSEXUAL (GAY),Sexual Orientation,,,BROOKLYN,4-2021,2021-04
202100612252617,2021,5,2021-05-26,6,PATROL BORO MAN SOUTH,NEW YORK,MISDEMEANOR,OFF. AGNST PUB ORD SENSBLTY &,AGGRAVATED HARASSMENT 2,ANTI-MALE HOMOSEXUAL (GAY),Sexual Orientation,,,MANHATTAN,5-2021,2021-05
202101412417017,2021,5,2021-05-02,14,PATROL BORO MAN SOUTH,NEW YORK,MISDEMEANOR,ASSAULT 3 & RELATED OFFENSES,"MENACING,UNCLASSIFIED",ANTI-MALE HOMOSEXUAL (GAY),Sexual Orientation,,,MANHATTAN,5-2021,2021-05
202100712271117,2021,5,2021-05-26,7,PATROL BORO MAN SOUTH,NEW YORK,FELONY,FELONY ASSAULT,"ASSAULT 2,1,UNCLASSIFIED",ANTI-MALE HOMOSEXUAL (GAY),Sexual Orientation,,,MANHATTAN,5-2021,2021-05
202102412251317,2021,5,2021-05-16,24,PATROL BORO MAN NORTH,NEW YORK,MISDEMEANOR,ASSAULT 3 & RELATED OFFENSES,ASSAULT 3,ANTI-MALE HOMOSEXUAL (GAY),Sexual Orientation,,,MANHATTAN,5-2021,2021-05
202108112255217,2021,5,2021-05-03,81,PATROL BORO BKLYN NORTH,KINGS,MISDEMEANOR,ASSAULT 3 & RELATED OFFENSES,ASSAULT 3,ANTI-MALE HOMOSEXUAL (GAY),Sexual Orientation,,,BROOKLYN,5-2021,2021-05
202108112255017,2021,5,2021-05-03,81,PATROL BORO BKLYN NORTH,KINGS,FELONY,FELONY ASSAULT,"ASSAULT 2,1,UNCLASSIFIED",ANTI-MALE HOMOSEXUAL (GAY),Sexual Orientation,,,BROOKLYN,5-2021,2021-05
202108112255117,2021,5,2021-05-03,81,PATROL BORO BKLYN NORTH,KINGS,MISDEMEANOR,ASSAULT 3 & RELATED OFFENSES,ASSAULT 3,ANTI-MALE HOMOSEXUAL (GAY),Sexual Orientation,,,BROOKLYN,5-2021,2021-05
202111412530117,2021,5,2021-05-18,114,PATROL BORO QUEENS NORTH,QUEENS,FELONY,CRIMINAL MISCHIEF & RELATED OF,CRIMINAL MIS 2 & 3,ANTI-MALE HOMOSEXUAL (GAY),Sexual Orientation,,,QUEENS,5-2021,2021-05
202107912465417,2021,6,2021-06-21,79,PATROL BORO BKLYN NORTH,KINGS,FELONY,FELONY ASSAULT,"ASSAULT 2,1,UNCLASSIFIED",ANTI-MALE HOMOSEXUAL (GAY),Sexual Orientation,2021-07-02,K33694392,BROOKLYN,6-2021,2021-06
202101312435917,2021,6,2021-06-21,13,PATROL BORO MAN SOUTH,NEW YORK,MISDEMEANOR,ASSAULT 3 & RELATED OFFENSES,ASSAULT 3,ANTI-MALE HOMOSEXUAL (GAY),Sexual Orientation,2021-06-21,M33690675,MANHATTAN,6-2021,2021-06
202100612296417,2021,6,2021-06-22,6,PATROL BORO MAN SOUTH,NEW YORK,FELONY,FELONY ASSAULT,"ASSAULT 2,1,UNCLASSIFIED",ANTI-MALE HOMOSEXUAL (GAY),Sexual Orientation,2021-06-23,M33690930,MANHATTAN,6-2021,2021-06
202100112380817,2021,6,2021-06-23,1,PATROL BORO MAN SOUTH,NEW YORK,FELONY,FELONY ASSAULT,"ASSAULT 2,1,UNCLASSIFIED",ANTI-MALE HOMOSEXUAL (GAY),Sexual Orientation,2021-07-19,M33693696,MANHATTAN,6-2021,2021-06
202101912466517,2021,6,2021-06-22,19,PATROL BORO MAN NORTH,NEW YORK,MISDEMEANOR,OFF. AGNST PUB ORD SENSBLTY &,AGGRAVATED HARASSMENT 2,ANTI-MALE HOMOSEXUAL (GAY),Sexual Orientation,2021-08-17,M33697151,MANHATTAN,6-2021,2021-06
202101412611917,2021,6,2021-06-28,14,PATROL BORO MAN SOUTH,NEW YORK,FELONY,FELONY ASSAULT,"ASSAULT 2,1,UNCLASSIFIED",ANTI-MALE HOMOSEXUAL (GAY),Sexual Orientation,,,MANHATTAN,6-2021,2021-06
202100612301317,2021,6,2021-06-25,6,PATROL BORO MAN SOUTH,NEW YORK,MISDEMEANOR,OFF. AGNST PUB ORD SENSBLTY &,AGGRAVATED HARASSMENT 2,ANTI-MALE HOMOSEXUAL (GAY),Sexual Orientation,,,MANHATTAN,6-2021,2021-06
202107712383017,2021,6,2021-06-22,77,PATROL BORO BKLYN NORTH,KINGS,MISDEMEANOR,CRIMINAL MISCHIEF & RELATED OF,"CRIMINAL MISCHIEF,UNCLASSIFIED 4",ANTI-MALE HOMOSEXUAL (GAY),Sexual Orientation,,,BROOKLYN,6-2021,2021-06
202101812402617,2021,6,2021-06-18,18,PATROL BORO MAN SOUTH,NEW YORK,MISDEMEANOR,ASSAULT 3 & RELATED OFFENSES,ASSAULT 3,ANTI-MALE HOMOSEXUAL (GAY),Sexual Orientation,,,MANHATTAN,6-2021,2021-06
202108112356117,2021,6,2021-06-30,81,PATROL BORO BKLYN NORTH,KINGS,FELONY,FELONY ASSAULT,"ASSAULT 2,1,UNCLASSIFIED",ANTI-MALE HOMOSEXUAL (GAY),Sexual Orientation,,,BROOKLYN,6-2021,2021-06
202106312354617,2021,6,2021-06-30,63,PATROL BORO BKLYN SOUTH,KINGS,VIOLATION,HARRASSMENT 2,"HARASSMENT,SUBD 3,4,5",ANTI-MALE HOMOSEXUAL (GAY),Sexual Orientation,,,BROOKLYN,6-2021,2021-06
202102512481117,2021,7,2021-07-23,25,PATROL BORO MAN NORTH,NEW YORK,FELONY,FELONY ASSAULT,"ASSAULT 2,1,UNCLASSIFIED",ANTI-MALE HOMOSEXUAL (GAY),Sexual Orientation,2021-07-23,M33694195,MANHATTAN,7-2021,2021-07
202102512481117,2021,7,2021-07-23,25,PATROL BORO MAN NORTH,NEW YORK,FELONY,FELONY ASSAULT,"ASSAULT 2,1,UNCLASSIFIED",ANTI-MALE HOMOSEXUAL (GAY),Sexual Orientation,2021-07-23,M33694197,MANHATTAN,7-2021,2021-07
202102512481117,2021,7,2021-07-23,25,PATROL BORO MAN NORTH,NEW YORK,FELONY,FELONY ASSAULT,"ASSAULT 2,1,UNCLASSIFIED",ANTI-MALE HOMOSEXUAL (GAY),Sexual Orientation,2021-07-23,M33694199,MANHATTAN,7-2021,2021-07
202102512481117,2021,7,2021-07-23,25,PATROL BORO MAN NORTH,NEW YORK,FELONY,FELONY ASSAULT,"ASSAULT 2,1,UNCLASSIFIED",ANTI-MALE HOMOSEXUAL (GAY),Sexual Orientation,2021-07-23,M33694200,MANHATTAN,7-2021,2021-07
202102412327917,2021,7,2021-07-11,24,PATROL BORO MAN NORTH,NEW YORK,MISDEMEANOR,ASSAULT 3 & RELATED OFFENSES,ASSAULT 3,ANTI-MALE HOMOSEXUAL (GAY),Sexual Orientation,2021-12-06,M33711411,MANHATTAN,7-2021,2021-07
202110312864217,2021,7,2021-11-01,103,PATROL BORO QUEENS SOUTH,QUEENS,FELONY,FELONY ASSAULT,"ASSAULT 2,1,UNCLASSIFIED",ANTI-MALE HOMOSEXUAL (GAY),Sexual Orientation,2021-07-06,Q33689318,QUEENS,7-2021,2021-07
202110812483917,2021,7,2021-08-01,108,PATROL BORO QUEENS NORTH,QUEENS,MISDEMEANOR,ASSAULT 3 & RELATED OFFENSES,ASSAULT 3,ANTI-MALE HOMOSEXUAL (GAY),Sexual Orientation,2021-09-07,Q33695573,QUEENS,7-2021,2021-07
202110812497217,2021,7,2021-08-08,108,PATROL BORO QUEENS NORTH,QUEENS,MISDEMEANOR,ASSAULT 3 & RELATED OFFENSES,ASSAULT 3,ANTI-MALE HOMOSEXUAL (GAY),Sexual Orientation,2021-09-07,Q33695575,QUEENS,7-2021,2021-07
202100612318017,2021,7,2021-07-03,6,PATROL BORO MAN SOUTH,NEW YORK,FELONY,FELONY ASSAULT,"ASSAULT 2,1,UNCLASSIFIED",ANTI-MALE HOMOSEXUAL (GAY),Sexual Orientation,,,MANHATTAN,7-2021,2021-07
202103312425517,2021,7,2021-07-25,33,PATROL BORO MAN NORTH,NEW YORK,MISDEMEANOR,OFF. AGNST PUB ORD SENSBLTY &,AGGRAVATED HARASSMENT 2,ANTI-MALE HOMOSEXUAL (GAY),Sexual Orientation,,,MANHATTAN,7-2021,2021-07
202100612325517,2021,7,2021-07-08,6,PATROL BORO MAN SOUTH,NEW YORK,MISDEMEANOR,OFF. AGNST PUB ORD SENSBLTY &,AGGRAVATED HARASSMENT 2,ANTI-MALE HOMOSEXUAL (GAY),Sexual Orientation,,,MANHATTAN,7-2021,2021-07
202104012788317,2021,7,2021-08-01,40,PATROL BORO BRONX,BRONX,FELONY,MISCELLANEOUS PENAL LAW,AGGRAVATED HARASSMENT 1,ANTI-MALE HOMOSEXUAL (GAY),Sexual Orientation,,,BRONX,7-2021,2021-07
202109412295617,2021,7,2021-07-03,94,PATROL BORO BKLYN NORTH,KINGS,MISDEMEANOR,ASSAULT 3 & RELATED OFFENSES,ASSAULT 3,ANTI-MALE HOMOSEXUAL (GAY),Sexual Orientation,,,BROOKLYN,7-2021,2021-07
202108812320817,2021,7,2021-07-27,88,PATROL BORO BKLYN NORTH,KINGS,MISDEMEANOR,ASSAULT 3 & RELATED OFFENSES,ASSAULT 3,ANTI-MALE HOMOSEXUAL (GAY),Sexual Orientation,,,BROOKLYN,7-2021,2021-07
202106012433417,2021,7,2021-07-02,60,PATROL BORO BKLYN SOUTH,KINGS,FELONY,FELONY ASSAULT,"ASSAULT 2,1,UNCLASSIFIED",ANTI-MALE HOMOSEXUAL (GAY),Sexual Orientation,,,BROOKLYN,7-2021,2021-07
202100612389017,2021,8,2021-08-16,6,PATROL BORO MAN SOUTH,NEW YORK,MISDEMEANOR,CRIMINAL MISCHIEF & RELATED OF,"MISCHIEF, CRIMINAL 4, BY FIRE",ANTI-MALE HOMOSEXUAL (GAY),Sexual Orientation,2021-08-16,M33697103,MANHATTAN,8-2021,2021-08
202103212587717,2021,8,2021-08-26,32,PATROL BORO MAN NORTH,NEW YORK,MISDEMEANOR,ASSAULT 3 & RELATED OFFENSES,"MENACING,UNCLASSIFIED",ANTI-MALE HOMOSEXUAL (GAY),Sexual Orientation,2021-08-26,M33698436,MANHATTAN,8-2021,2021-08
202104612788417,2021,8,2021-08-19,46,PATROL BORO BRONX,BRONX,FELONY,FELONY ASSAULT,"ASSAULT 2,1,UNCLASSIFIED",ANTI-MALE HOMOSEXUAL (GAY),Sexual Orientation,,,BRONX,8-2021,2021-08
202103212552317,2021,8,2021-08-12,32,PATROL BORO MAN NORTH,NEW YORK,MISDEMEANOR,ASSAULT 3 & RELATED OFFENSES,ASSAULT 3,ANTI-MALE HOMOSEXUAL (GAY),Sexual Orientation,,,MANHATTAN,8-2021,2021-08
202104612818117,2021,8,2021-08-29,46,PATROL BORO BRONX,BRONX,MISDEMEANOR,ASSAULT 3 & RELATED OFFENSES,ASSAULT 3,ANTI-MALE HOMOSEXUAL (GAY),Sexual Orientation,,,BRONX,8-2021,2021-08
202101412841217,2021,8,2021-09-03,14,PATROL BORO MAN SOUTH,NEW YORK,MISDEMEANOR,OFF. AGNST PUB ORD SENSBLTY &,AGGRAVATED HARASSMENT 2,ANTI-FEMALE HOMOSEXUAL (LESBIAN),Sexual Orientation,,,MANHATTAN,8-2021,2021-08
202106312459817,2021,8,2021-08-30,63,PATROL BORO BKLYN SOUTH,KINGS,MISDEMEANOR,CRIMINAL MISCHIEF & RELATED OF,"CRIMINAL MISCHIEF 4TH, GRAFFIT",ANTI-MALE HOMOSEXUAL (GAY),Sexual Orientation,,,BROOKLYN,8-2021,2021-08
202101812519017,2021,8,2021-08-06,18,PATROL BORO MAN SOUTH,NEW YORK,FELONY,MISCELLANEOUS PENAL LAW,AGGRAVATED HARASSMENT 1,ANTI-MALE HOMOSEXUAL (GAY),Sexual Orientation,,,MANHATTAN,8-2021,2021-08
202110712442517,2021,8,2021-08-03,107,PATROL BORO QUEENS SOUTH,QUEENS,MISDEMEANOR,CRIMINAL MISCHIEF & RELATED OF,"CRIMINAL MISCHIEF,UNCLASSIFIED 4",ANTI-MALE HOMOSEXUAL (GAY),Sexual Orientation,,,QUEENS,8-2021,2021-08
202110712444117,2021,8,2021-08-03,107,PATROL BORO QUEENS SOUTH,QUEENS,MISDEMEANOR,CRIMINAL MISCHIEF & RELATED OF,"CRIMINAL MISCHIEF,UNCLASSIFIED 4",ANTI-MALE HOMOSEXUAL (GAY),Sexual Orientation,,,QUEENS,8-2021,2021-08
202108312610217,2021,9,2021-09-04,83,PATROL BORO BKLYN NORTH,KINGS,FELONY,ROBBERY,"ROBBERY,PERSONAL ELECTRONIC DEVICE",ANTI-MALE HOMOSEXUAL (GAY),Sexual Orientation,2021-09-08,K33702895,BROOKLYN,9-2021,2021-09
202108112478917,2021,9,2021-09-11,81,PATROL BORO BKLYN NORTH,KINGS,MISDEMEANOR,ASSAULT 3 & RELATED OFFENSES,ASSAULT 3,ANTI-MALE HOMOSEXUAL (GAY),Sexual Orientation,2021-09-11,K33703368,BROOKLYN,9-2021,2021-09
202107812395817,2021,9,2021-09-22,78,PATROL BORO BKLYN SOUTH,KINGS,FELONY,FELONY ASSAULT,"ASSAULT 2,1,UNCLASSIFIED",ANTI-FEMALE HOMOSEXUAL (LESBIAN),Sexual Orientation,2021-09-23,K33704955,BROOKLYN,9-2021,2021-09
202107212531217,2021,9,2021-09-09,72,PATROL BORO BKLYN SOUTH,KINGS,FELONY,MISCELLANEOUS PENAL LAW,AGGRAVATED HARASSMENT 1,ANTI-MALE HOMOSEXUAL (GAY),Sexual Orientation,2022-07-29,K34703837,BROOKLYN,9-2021,2021-09
202101412846917,2021,9,2021-09-05,14,PATROL BORO MAN SOUTH,NEW YORK,MISDEMEANOR,ASSAULT 3 & RELATED OFFENSES,ASSAULT 3,ANTI-MALE HOMOSEXUAL (GAY),Sexual Orientation,2021-09-05,M33699519,MANHATTAN,9-2021,2021-09
202101412871217,2021,9,2021-09-11,14,PATROL BORO MAN SOUTH,NEW YORK,FELONY,FELONY ASSAULT,STRANGULATION 1ST,ANTI-MALE HOMOSEXUAL (GAY),Sexual Orientation,2021-09-11,M33700247,MANHATTAN,9-2021,2021-09
202101412871317,2021,9,2021-09-11,14,PATROL BORO MAN SOUTH,NEW YORK,FELONY,FELONY ASSAULT,STRANGULATION 1ST,ANTI-MALE HOMOSEXUAL (GAY),Sexual Orientation,2021-09-11,M33700248,MANHATTAN,9-2021,2021-09
202108312610217,2021,9,2021-09-04,83,PATROL BORO BKLYN NORTH,KINGS,FELONY,ROBBERY,"ROBBERY,PERSONAL ELECTRONIC DEVICE",ANTI-MALE HOMOSEXUAL (GAY),Sexual Orientation,2021-09-13,M33700494,BROOKLYN,9-2021,2021-09
202111412980417,2021,9,2021-09-12,114,PATROL BORO QUEENS NORTH,QUEENS,FELONY,ROBBERY,"ROBBERY,COMMERCIAL UNCLASSIFIED",ANTI-MALE HOMOSEXUAL (GAY),Sexual Orientation,2021-12-07,Q33704703,QUEENS,9-2021,2021-09
202100912507817,2021,9,2021-09-19,9,PATROL BORO MAN SOUTH,NEW YORK,FELONY,FELONY ASSAULT,"ASSAULT 2,1,UNCLASSIFIED",ANTI-MALE HOMOSEXUAL (GAY),Sexual Orientation,,,MANHATTAN,9-2021,2021-09
202101312668217,2021,9,2021-09-25,13,PATROL BORO MAN SOUTH,NEW YORK,MISDEMEANOR,ASSAULT 3 & RELATED OFFENSES,ASSAULT 3,ANTI-FEMALE HOMOSEXUAL (LESBIAN),Sexual Orientation,,,MANHATTAN,9-2021,2021-09
202108112478217,2021,9,2021-09-11,81,PATROL BORO BKLYN NORTH,KINGS,MISDEMEANOR,OFF. AGNST PUB ORD SENSBLTY &,AGGRAVATED HARASSMENT 2,ANTI-MALE HOMOSEXUAL (GAY),Sexual Orientation,,,BROOKLYN,9-2021,2021-09
202107513482817,2021,9,2021-09-23,75,PATROL BORO BKLYN NORTH,KINGS,FELONY,FELONY ASSAULT,"ASSAULT 2,1,UNCLASSIFIED",ANTI-MALE HOMOSEXUAL (GAY),Sexual Orientation,,,BROOKLYN,9-2021,2021-09
202111413029317,2021,9,2021-09-25,114,PATROL BORO QUEENS NORTH,QUEENS,MISDEMEANOR,ASSAULT 3 & RELATED OFFENSES,ASSAULT 3,ANTI-MALE HOMOSEXUAL (GAY),Sexual Orientation,,,QUEENS,9-2021,2021-09
202101812689817,2021,10,2021-10-11,18,PATROL BORO MAN SOUTH,NEW YORK,MISDEMEANOR,OFF. AGNST PUB ORD SENSBLTY &,AGGRAVATED HARASSMENT 2,ANTI-MALE HOMOSEXUAL (GAY),Sexual Orientation,2021-10-14,M33704604,MANHATTAN,10-2021,2021-10
202106712996417,2021,10,2021-10-20,67,PATROL BORO BKLYN SOUTH,KINGS,FELONY,ROBBERY,"ROBBERY,OPEN AREA UNCLASSIFIED",ANTI-MALE HOMOSEXUAL (GAY),Sexual Orientation,,,BROOKLYN,10-2021,2021-10
202101412972917,2021,10,2021-10-07,14,PATROL BORO MAN SOUTH,NEW YORK,FELONY,ROBBERY,"ROBBERY,OPEN AREA UNCLASSIFIED",ANTI-MALE HOMOSEXUAL (GAY),Sexual Orientation,,,MANHATTAN,10-2021,2021-10
202107513583017,2021,10,2021-10-10,75,PATROL BORO BKLYN NORTH,KINGS,MISDEMEANOR,ASSAULT 3 & RELATED OFFENSES,ASSAULT 3,ANTI-FEMALE HOMOSEXUAL (LESBIAN),Sexual Orientation,,,BROOKLYN,10-2021,2021-10
202102812603617,2021,11,2021-11-03,28,PATROL BORO MAN NORTH,NEW YORK,MISDEMEANOR,ASSAULT 3 & RELATED OFFENSES,ASSAULT 3,ANTI-MALE HOMOSEXUAL (GAY),Sexual Orientation,2021-11-03,M33707356,MANHATTAN,11-2021,2021-11
202102812603717,2021,11,2021-11-03,28,PATROL BORO MAN NORTH,NEW YORK,MISDEMEANOR,OFF. AGNST PUB ORD SENSBLTY &,AGGRAVATED HARASSMENT 2,ANTI-MALE HOMOSEXUAL (GAY),Sexual Orientation,2021-11-03,M33707370,MANHATTAN,11-2021,2021-11
202101312827717,2021,11,2021-11-20,13,PATROL BORO MAN SOUTH,NEW YORK,MISDEMEANOR,ASSAULT 3 & RELATED OFFENSES,"MENACING,UNCLASSIFIED",ANTI-MALE HOMOSEXUAL (GAY),Sexual Orientation,,,MANHATTAN,11-2021,2021-11
202102812603717,2021,11,2021-11-03,28,PATROL BORO MAN NORTH,NEW YORK,MISDEMEANOR,OFF. AGNST PUB ORD SENSBLTY &,AGGRAVATED HARASSMENT 2,ANTI-MALE HOMOSEXUAL (GAY),Sexual Orientation,,,MANHATTAN,11-2021,2021-11
202101812785517,2021,11,2021-11-15,18,PATROL BORO MAN SOUTH,NEW YORK,MISDEMEANOR,ASSAULT 3 & RELATED OFFENSES,ASSAULT 3,ANTI-MALE HOMOSEXUAL (GAY),Sexual Orientation,,,MANHATTAN,11-2021,2021-11
202104413210217,2021,11,2021-11-11,44,PATROL BORO BRONX,BRONX,MISDEMEANOR,CRIMINAL MISCHIEF & RELATED OF,"CRIMINAL MISCHIEF 4TH, GRAFFIT",ANTI-MALE HOMOSEXUAL (GAY),Sexual Orientation,,,BRONX,11-2021,2021-11
202106112624117,2021,11,2021-11-16,61,PATROL BORO BKLYN SOUTH,KINGS,FELONY,CRIMINAL MISCHIEF & RELATED OF,"MISCHIEF,CRIMINAL,    UNCL 2ND",ANTI-MALE HOMOSEXUAL (GAY),Sexual Orientation,,,BROOKLYN,11-2021,2021-11
202104013162617,2021,11,2021-11-10,40,PATROL BORO BRONX,BRONX,MISDEMEANOR,CRIMINAL MISCHIEF & RELATED OF,"CRIMINAL MISCHIEF 4TH, GRAFFIT",ANTI-MALE HOMOSEXUAL (GAY),Sexual Orientation,,,BRONX,11-2021,2021-11
202101012535517,2021,12,2021-12-26,10,PATROL BORO MAN SOUTH,NEW YORK,MISDEMEANOR,ASSAULT 3 & RELATED OFFENSES,"MENACING,UNCLASSIFIED",ANTI-MALE HOMOSEXUAL (GAY),Sexual Orientation,2021-12-26,M33713847,MANHATTAN,12-2021,2021-12
202101312076517,2021,12,2021-01-04,13,PATROL BORO MAN SOUTH,NEW YORK,FELONY,MISCELLANEOUS PENAL LAW,MAKING TERRORISTIC THREAT,ANTI-LGBT (MIXED GROUP),Sexual Orientation,,,MANHATTAN,12-2021,2021-12
202101812872617,2021,12,2021-12-14,18,PATROL BORO MAN SOUTH,NEW YORK,MISDEMEANOR,CRIMINAL MISCHIEF & RELATED OF,"CRIMINAL MISCHIEF 4TH, GRAFFIT",ANTI-MALE HOMOSEXUAL (GAY),Sexual Orientation,,,MANHATTAN,12-2021,2021-12
202200912072417,2022,1,2022-01-01,9,PATROL BORO MAN SOUTH,NEW YORK,MISDEMEANOR,ASSAULT 3 & RELATED OFFENSES,ASSAULT 3,ANTI-MALE HOMOSEXUAL (GAY),Sexual Orientation,2022-04-18,M34686244,MANHATTAN,1-2022,2022-01
202211012074317,2022,1,2022-01-02,110,PATROL BORO QUEENS NORTH,QUEENS,FELONY,FELONY ASSAULT,"ASSAULT 2,1,UNCLASSIFIED",ANTI-MALE HOMOSEXUAL (GAY),Sexual Orientation,2022-02-08,Q34675780,QUEENS,1-2022,2022-01
202211012083717,2022,1,2022-01-05,110,PATROL BORO QUEENS NORTH,QUEENS,MISDEMEANOR,OFF. AGNST PUB ORD SENSBLTY &,AGGRAVATED HARASSMENT 2,ANTI-MALE HOMOSEXUAL (GAY),Sexual Orientation,2022-02-08,Q34675783,QUEENS,1-2022,2022-01
202211012074717,2022,1,2022-01-02,110,PATROL BORO QUEENS NORTH,QUEENS,FELONY,FELONY ASSAULT,"ASSAULT 2,1,UNCLASSIFIED",ANTI-MALE HOMOSEXUAL (GAY),Sexual Orientation,2022-02-08,Q34675785,QUEENS,1-2022,2022-01
202201012112717,2022,1,2022-02-03,10,PATROL BORO MAN SOUTH,NEW YORK,MISDEMEANOR,OFF. AGNST PUB ORD SENSBLTY &,AGGRAVATED HARASSMENT 2,ANTI-MALE HOMOSEXUAL (GAY),Sexual Orientation,,,MANHATTAN,1-2022,2022-01
202211012074717,2022,1,2022-01-02,110,PATROL BORO QUEENS NORTH,QUEENS,FELONY,FELONY ASSAULT,"ASSAULT 2,1,UNCLASSIFIED",ANTI-MALE HOMOSEXUAL (GAY),Sexual Orientation,,,QUEENS,1-2022,2022-01
202207812091617,2022,1,2022-01-17,78,PATROL BORO BKLYN SOUTH,KINGS,MISDEMEANOR,OFF. AGNST PUB ORD SENSBLTY &,AGGRAVATED HARASSMENT 2,ANTI-MALE HOMOSEXUAL (GAY),Sexual Orientation,,,BROOKLYN,1-2022,2022-01
202204612216717,2022,2,2022-02-15,46,PATROL BORO BRONX,BRONX,MISDEMEANOR,ASSAULT 3 & RELATED OFFENSES,ASSAULT 3,ANTI-FEMALE HOMOSEXUAL (LESBIAN),Sexual Orientation,2022-02-15,B34677119,BRONX,2-2022,2022-02
202200612143717,2022,2,2022-02-17,6,PATROL BORO MAN SOUTH,NEW YORK,FELONY,GRAND LARCENY,"LARCENY,GRAND BY THEFT OF CREDIT CARD",ANTI-MALE HOMOSEXUAL (GAY),Sexual Orientation,2022-02-17,M34677791,MANHATTAN,2-2022,2022-02
202201012137917,2022,2,2022-02-20,10,PATROL BORO MAN SOUTH,NEW YORK,FELONY,FELONY ASSAULT,"ASSAULT 2,1,UNCLASSIFIED",ANTI-MALE HOMOSEXUAL (GAY),Sexual Orientation,2022-03-15,M34681365,MANHATTAN,2-2022,2022-02
202201412307917,2022,2,2022-03-05,14,PATROL BORO MAN SOUTH,NEW YORK,MISDEMEANOR,OFF. AGNST PUB ORD SENSBLTY &,AGGRAVATED HARASSMENT 2,ANTI-MALE HOMOSEXUAL (GAY),Sexual Orientation,,,MANHATTAN,2-2022,2022-02
202204612215717,2022,2,2022-02-15,46,PATROL BORO BRONX,BRONX,FELONY,ROBBERY,"ROBBERY,NECKCHAIN/JEWELRY",ANTI-MALE HOMOSEXUAL (GAY),Sexual Orientation,,,BRONX,2-2022,2022-02
202201912211117,2022,2,2022-02-22,19,PATROL BORO MAN NORTH,NEW YORK,MISDEMEANOR,OFF. AGNST PUB ORD SENSBLTY &,AGGRAVATED HARASSMENT 2,ANTI-MALE HOMOSEXUAL (GAY),Sexual Orientation,,,MANHATTAN,2-2022,2022-02
202203012160317,2022,2,2022-03-01,30,PATROL BORO MAN NORTH,NEW YORK,MISDEMEANOR,ASSAULT 3 & RELATED OFFENSES,ASSAULT 3,ANTI-MALE HOMOSEXUAL (GAY),Sexual Orientation,,,MANHATTAN,2-2022,2022-02
202210812194517,2022,2,2022-02-27,108,PATROL BORO QUEENS NORTH,QUEENS,FELONY,ROBBERY,"ROBBERY,PERSONAL ELECTRONIC DEVICE",ANTI-MALE HOMOSEXUAL (GAY),Sexual Orientation,,,QUEENS,2-2022,2022-02
202204612316017,2022,3,2022-03-17,46,PATROL BORO BRONX,BRONX,FELONY,FELONY ASSAULT,"ASSAULT 2,1,UNCLASSIFIED",ANTI-MALE HOMOSEXUAL (GAY),Sexual Orientation,2022-03-23,B34681734,BRONX,3-2022,2022-03
202207912245217,2022,3,2022-03-15,79,PATROL BORO BKLYN NORTH,KINGS,MISDEMEANOR,OFF. AGNST PUB ORD SENSBLTY &,AGGRAVATED HARASSMENT 2,ANTI-MALE HOMOSEXUAL (GAY),Sexual Orientation,2022-04-19,K34688014,BROOKLYN,3-2022,2022-03
202207212528217,2022,3,2022-07-29,72,PATROL BORO BKLYN SOUTH,KINGS,FELONY,MISCELLANEOUS PENAL LAW,AGGRAVATED HARASSMENT 1,ANTI-FEMALE HOMOSEXUAL (LESBIAN),Sexual Orientation,2022-07-29,K34703843,BROOKLYN,3-2022,2022-03
202207212528217,2022,3,2022-07-29,72,PATROL BORO BKLYN SOUTH,KINGS,FELONY,MISCELLANEOUS PENAL LAW,AGGRAVATED HARASSMENT 1,ANTI-FEMALE HOMOSEXUAL (LESBIAN),Sexual Orientation,2022-07-29,K34703847,BROOKLYN,3-2022,2022-03
202202512205917,2022,3,2022-03-04,25,PATROL BORO MAN NORTH,NEW YORK,FELONY,MISCELLANEOUS PENAL LAW,AGGRAVATED HARASSMENT 1,ANTI-MALE HOMOSEXUAL (GAY),Sexual Orientation,2022-03-04,M34679892,MANHATTAN,3-2022,2022-03
202200112266417,2022,3,2022-03-15,1,PATROL BORO MAN SOUTH,NEW YORK,FELONY,FELONY ASSAULT,"ASSAULT 2,1,UNCLASSIFIED",ANTI-MALE HOMOSEXUAL (GAY),Sexual Orientation,2022-03-15,M34681408,MANHATTAN,3-2022,2022-03
202201912281317,2022,3,2022-03-16,19,PATROL BORO MAN NORTH,NEW YORK,MISDEMEANOR,ASSAULT 3 & RELATED OFFENSES,ASSAULT 3,ANTI-MALE HOMOSEXUAL (GAY),Sexual Orientation,2022-03-16,M34681598,MANHATTAN,3-2022,2022-03
202201412315917,2022,3,2022-03-07,14,PATROL BORO MAN SOUTH,NEW YORK,MISDEMEANOR,ASSAULT 3 & RELATED OFFENSES,ASSAULT 3,ANTI-MALE HOMOSEXUAL (GAY),Sexual Orientation,,,MANHATTAN,3-2022,2022-03
202204612316017,2022,3,2022-03-17,46,PATROL BORO BRONX,BRONX,FELONY,FELONY ASSAULT,"ASSAULT 2,1,UNCLASSIFIED",ANTI-MALE HOMOSEXUAL (GAY),Sexual Orientation,,,BRONX,3-2022,2022-03
202203412239117,2022,3,2022-03-19,34,PATROL BORO MAN NORTH,NEW YORK,MISDEMEANOR,ASSAULT 3 & RELATED OFFENSES,ASSAULT 3,ANTI-MALE HOMOSEXUAL (GAY),Sexual Orientation,,,MANHATTAN,3-2022,2022-03
202208312293517,2022,4,2022-04-03,83,PATROL BORO BKLYN NORTH,KINGS,FELONY,FELONY ASSAULT,"ASSAULT 2,1,UNCLASSIFIED",ANTI-MALE HOMOSEXUAL (GAY),Sexual Orientation,2022-04-13,K34687288,BROOKLYN,4-2022,2022-04
202202612192117,2022,4,2022-04-21,26,PATROL BORO MAN NORTH,NEW YORK,FELONY,SEX CRIMES,SEXUAL ABUSE,ANTI-FEMALE HOMOSEXUAL (LESBIAN),Sexual Orientation,2022-04-23,M34687073,MANHATTAN,4-2022,2022-04
202200712278717,2022,4,2022-04-06,7,PATROL BORO MAN SOUTH,NEW YORK,FELONY,ROBBERY,"ROBBERY,OPEN AREA UNCLASSIFIED",ANTI-MALE HOMOSEXUAL (GAY),Sexual Orientation,2022-04-26,M34687516,MANHATTAN,4-2022,2022-04
202200712278717,2022,4,2022-04-06,7,PATROL BORO MAN SOUTH,NEW YORK,FELONY,ROBBERY,"ROBBERY,OPEN AREA UNCLASSIFIED",ANTI-MALE HOMOSEXUAL (GAY),Sexual Orientation,2022-11-08,M34714635,MANHATTAN,4-2022,2022-04
202211512359217,2022,4,2022-04-05,115,PATROL BORO QUEENS NORTH,QUEENS,FELONY,MISCELLANEOUS PENAL LAW,MENACING 1ST DEGREE (VICT NOT,ANTI-MALE HOMOSEXUAL (GAY),Sexual Orientation,2022-04-05,Q34682260,QUEENS,4-2022,2022-04
202211312360417,2022,4,2022-04-16,113,PATROL BORO QUEENS SOUTH,QUEENS,FELONY,DANGEROUS WEAPONS,WEAPONS POSSESSION 3,ANTI-MALE HOMOSEXUAL (GAY),Sexual Orientation,2022-04-16,Q34683562,QUEENS,4-2022,2022-04
202207212527817,2022,5,2022-07-29,72,PATROL BORO BKLYN SOUTH,KINGS,MISDEMEANOR,OFFENSES AGAINST THE PERSON,RECKLESS ENDANGERMENT 2,ANTI-FEMALE HOMOSEXUAL (LESBIAN),Sexual Orientation,2022-07-29,K34703838,BROOKLYN,5-2022,2022-05
202207212527817,2022,5,2022-07-29,72,PATROL BORO BKLYN SOUTH,KINGS,MISDEMEANOR,OFFENSES AGAINST THE PERSON,RECKLESS ENDANGERMENT 2,ANTI-FEMALE HOMOSEXUAL (LESBIAN),Sexual Orientation,2022-07-29,K34703844,BROOKLYN,5-2022,2022-05
202207012365017,2022,5,2022-05-05,70,PATROL BORO BKLYN SOUTH,KINGS,MISDEMEANOR,OFF. AGNST PUB ORD SENSBLTY &,AGGRAVATED HARASSMENT 2,ANTI-MALE HOMOSEXUAL (GAY),Sexual Orientation,2022-08-07,M34701480,BROOKLYN,5-2022,2022-05
202201812382917,2022,5,2022-05-02,18,PATROL BORO MAN SOUTH,NEW YORK,MISDEMEANOR,ASSAULT 3 & RELATED OFFENSES,ASSAULT 3,ANTI-MALE HOMOSEXUAL (GAY),Sexual Orientation,,,MANHATTAN,5-2022,2022-05
202203212386717,2022,5,2022-05-19,32,PATROL BORO MAN NORTH,NEW YORK,MISDEMEANOR,OFF. AGNST PUB ORD SENSBLTY &,AGGRAVATED HARASSMENT 2,ANTI-MALE HOMOSEXUAL (GAY),Sexual Orientation,,,MANHATTAN,5-2022,2022-05
202204712635917,2022,5,2022-05-24,47,PATROL BORO BRONX,BRONX,MISDEMEANOR,ASSAULT 3 & RELATED OFFENSES,ASSAULT 3,ANTI-MALE HOMOSEXUAL (GAY),Sexual Orientation,,,BRONX,5-2022,2022-05
202210412412917,2022,5,2022-05-27,104,PATROL BORO QUEENS NORTH,QUEENS,MISDEMEANOR,OFF. AGNST PUB ORD SENSBLTY &,AGGRAVATED HARASSMENT 2,ANTI-MALE HOMOSEXUAL (GAY),Sexual Orientation,,,QUEENS,5-2022,2022-05
202204012642117,2022,6,2022-06-01,40,PATROL BORO BRONX,BRONX,FELONY,FELONY ASSAULT,"ASSAULT 2,1,UNCLASSIFIED",ANTI-MALE HOMOSEXUAL (GAY),Sexual Orientation,2022-06-03,B34691021,BRONX,6-2022,2022-06
202207513031117,2022,6,2022-06-06,75,PATROL BORO BKLYN NORTH,KINGS,FELONY,ROBBERY,"ROBBERY,PERSONAL ELECTRONIC DEVICE",ANTI-MALE HOMOSEXUAL (GAY),Sexual Orientation,2022-06-20,K34698026,BROOKLYN,6-2022,2022-06
202207513031117,2022,6,2022-06-06,75,PATROL BORO BKLYN NORTH,KINGS,FELONY,ROBBERY,"ROBBERY,PERSONAL ELECTRONIC DEVICE",ANTI-MALE HOMOSEXUAL (GAY),Sexual Orientation,2022-06-20,K34698043,BROOKLYN,6-2022,2022-06
202206212478117,2022,6,2022-06-27,62,PATROL BORO BKLYN SOUTH,KINGS,FELONY,KIDNAPPING & RELATED OFFENSES,"IMPRISONMENT 1,UNLAWFUL",ANTI-MALE HOMOSEXUAL (GAY),Sexual Orientation,2022-06-27,K34699033,BROOKLYN,6-2022,2022-06
202207513031117,2022,6,2022-06-06,75,PATROL BORO BKLYN NORTH,KINGS,FELONY,ROBBERY,"ROBBERY,PERSONAL ELECTRONIC DEVICE",ANTI-MALE HOMOSEXUAL (GAY),Sexual Orientation,2022-07-06,K34700416,BROOKLYN,6-2022,2022-06
202207212528017,2022,6,2022-07-29,72,PATROL BORO BKLYN SOUTH,KINGS,FELONY,MISCELLANEOUS PENAL LAW,AGGRAVATED HARASSMENT 1,ANTI-FEMALE HOMOSEXUAL (LESBIAN),Sexual Orientation,2022-07-29,K34703841,BROOKLYN,6-2022,2022-06
202207212528017,2022,6,2022-07-29,72,PATROL BORO BKLYN SOUTH,KINGS,FELONY,MISCELLANEOUS PENAL LAW,AGGRAVATED HARASSMENT 1,ANTI-FEMALE HOMOSEXUAL (LESBIAN),Sexual Orientation,2022-07-29,K34703846,BROOKLYN,6-2022,2022-06
202207513031117,2022,6,2022-06-06,75,PATROL BORO BKLYN NORTH,KINGS,FELONY,ROBBERY,"ROBBERY,PERSONAL ELECTRONIC DEVICE",ANTI-MALE HOMOSEXUAL (GAY),Sexual Orientation,2022-08-02,K34704260,BROOKLYN,6-2022,2022-06
202207513031117,2022,6,2022-06-06,75,PATROL BORO BKLYN NORTH,KINGS,FELONY,ROBBERY,"ROBBERY,PERSONAL ELECTRONIC DEVICE",ANTI-MALE HOMOSEXUAL (GAY),Sexual Orientation,2022-10-04,K34713603,BROOKLYN,6-2022,2022-06
202202312405417,2022,6,2022-06-03,23,PATROL BORO MAN NORTH,NEW YORK,MISDEMEANOR,ASSAULT 3 & RELATED OFFENSES,ASSAULT 3,ANTI-FEMALE HOMOSEXUAL (LESBIAN),Sexual Orientation,2022-06-03,M34692871,MANHATTAN,6-2022,2022-06
202201712306317,2022,6,2022-06-13,17,PATROL BORO MAN SOUTH,NEW YORK,MISDEMEANOR,OFF. AGNST PUB ORD SENSBLTY &,AGGRAVATED HARASSMENT 2,ANTI-MALE HOMOSEXUAL (GAY),Sexual Orientation,2022-06-13,M34694269,MANHATTAN,6-2022,2022-06
202200512345117,2022,6,2022-06-30,5,PATROL BORO MAN SOUTH,NEW YORK,FELONY,MISCELLANEOUS PENAL LAW,CRIMINAL CONTEMPT 1,ANTI-MALE HOMOSEXUAL (GAY),Sexual Orientation,2022-06-29,M34696491,MANHATTAN,6-2022,2022-06
202200612405617,2022,6,2022-06-19,6,PATROL BORO MAN SOUTH,NEW YORK,MISDEMEANOR,ASSAULT 3 & RELATED OFFENSES,ASSAULT 3,ANTI-MALE HOMOSEXUAL (GAY),Sexual Orientation,2022-07-12,M34697999,MANHATTAN,6-2022,2022-06
202211412727717,2022,6,2022-06-13,114,PATROL BORO QUEENS NORTH,QUEENS,FELONY,MISCELLANEOUS PENAL LAW,AGGRAVATED HARASSMENT 1,ANTI-MALE HOMOSEXUAL (GAY),Sexual Orientation,2022-06-13,Q34690527,QUEENS,6-2022,2022-06
202212112486517,2022,6,2022-06-30,121,PATROL BORO STATEN ISLAND,RICHMOND,MISDEMEANOR,ASSAULT 3 & RELATED OFFENSES,ASSAULT 3,ANTI-MALE HOMOSEXUAL (GAY),Sexual Orientation,2022-07-16,S34676876,STATEN ISLAND,6-2022,2022-06
202201012325117,2022,6,2022-06-23,10,PATROL BORO MAN SOUTH,NEW YORK,MISDEMEANOR,ASSAULT 3 & RELATED OFFENSES,ASSAULT 3,ANTI-MALE HOMOSEXUAL (GAY),Sexual Orientation,,,MANHATTAN,6-2022,2022-06
202202612245117,2022,6,2022-06-08,26,PATROL BORO MAN NORTH,NEW YORK,MISDEMEANOR,CRIMINAL MISCHIEF & RELATED OF,"MISCHIEF, CRIMINAL 4, BY FIRE",ANTI-MALE HOMOSEXUAL (GAY),Sexual Orientation,,,MANHATTAN,6-2022,2022-06
202206612361417,2022,6,2022-06-18,66,PATROL BORO BKLYN SOUTH,KINGS,MISDEMEANOR,CRIMINAL MISCHIEF & RELATED OF,"CRIMINAL MISCHIEF 4TH, GRAFFIT",ANTI-MALE HOMOSEXUAL (GAY),Sexual Orientation,,,BROOKLYN,6-2022,2022-06
202200612376217,2022,6,2022-06-09,6,PATROL BORO MAN SOUTH,NEW YORK,FELONY,ROBBERY,"ROBBERY,NECKCHAIN/JEWELRY",ANTI-MALE HOMOSEXUAL (GAY),Sexual Orientation,,,MANHATTAN,6-2022,2022-06
202201912599917,2022,6,2022-06-25,19,PATROL BORO MAN NORTH,NEW YORK,MISDEMEANOR,ASSAULT 3 & RELATED OFFENSES,"MENACING,UNCLASSIFIED",ANTI-MALE HOMOSEXUAL (GAY),Sexual Orientation,,,MANHATTAN,6-2022,2022-06
202202512505117,2022,6,2022-06-27,25,PATROL BORO MAN NORTH,NEW YORK,MISDEMEANOR,ASSAULT 3 & RELATED OFFENSES,"MENACING,UNCLASSIFIED",ANTI-MALE HOMOSEXUAL (GAY),Sexual Orientation,,,MANHATTAN,6-2022,2022-06
202204812609417,2022,6,2022-07-01,48,PATROL BORO BRONX,BRONX,FELONY,ROBBERY,"ROBBERY,POCKETBOOK/CARRIED BAG",ANTI-MALE HOMOSEXUAL (GAY),Sexual Orientation,,,BRONX,6-2022,2022-06
202207812373917,2022,7,2022-07-17,78,PATROL BORO BKLYN SOUTH,KINGS,MISDEMEANOR,OFF. AGNST PUB ORD SENSBLTY &,AGGRAVATED HARASSMENT 2,ANTI-MALE HOMOSEXUAL (GAY),Sexual Orientation,2022-07-17,K34702073,BROOKLYN,7-2022,2022-07
202208412439317,2022,7,2022-07-17,84,PATROL BORO BKLYN NORTH,KINGS,MISDEMEANOR,ASSAULT 3 & RELATED OFFENSES,ASSAULT 3,ANTI-MALE HOMOSEXUAL (GAY),Sexual Orientation,2022-07-17,K34702074,BROOKLYN,7-2022,2022-07
202207212527917,2022,7,2022-07-29,72,PATROL BORO BKLYN SOUTH,KINGS,FELONY,MISCELLANEOUS PENAL LAW,AGGRAVATED HARASSMENT 1,ANTI-FEMALE HOMOSEXUAL (LESBIAN),Sexual Orientation,2022-07-29,K34703839,BROOKLYN,7-2022,2022-07
202207212527917,2022,7,2022-07-29,72,PATROL BORO BKLYN SOUTH,KINGS,FELONY,MISCELLANEOUS PENAL LAW,AGGRAVATED HARASSMENT 1,ANTI-FEMALE HOMOSEXUAL (LESBIAN),Sexual Orientation,2022-07-29,K34703842,BROOKLYN,7-2022,2022-07
202207012522217,2022,7,2022-07-08,70,PATROL BORO BKLYN SOUTH,KINGS,FELONY,FELONY ASSAULT,"ASSAULT 2,1,UNCLASSIFIED",ANTI-MALE HOMOSEXUAL (GAY),Sexual Orientation,2022-08-30,K34708425,BROOKLYN,7-2022,2022-07
202207012522917,2022,7,2022-07-08,70,PATROL BORO BKLYN SOUTH,KINGS,MISDEMEANOR,ASSAULT 3 & RELATED OFFENSES,ASSAULT 3,ANTI-MALE HOMOSEXUAL (GAY),Sexual Orientation,2022-08-30,K34708427,BROOKLYN,7-2022,2022-07
202201012389217,2022,7,2022-07-29,10,PATROL BORO MAN SOUTH,NEW YORK,FELONY,FELONY ASSAULT,"ASSAULT 2,1,UNCLASSIFIED",ANTI-MALE HOMOSEXUAL (GAY),Sexual Orientation,2022-07-28,M34700310,MANHATTAN,7-2022,2022-07
202201012389217,2022,7,2022-07-29,10,PATROL BORO MAN SOUTH,NEW YORK,FELONY,FELONY ASSAULT,"ASSAULT 2,1,UNCLASSIFIED",ANTI-MALE HOMOSEXUAL (GAY),Sexual Orientation,2022-07-28,M34700312,MANHATTAN,7-2022,2022-07
202210812480517,2022,7,2022-07-01,108,PATROL BORO QUEENS NORTH,QUEENS,MISDEMEANOR,ASSAULT 3 & RELATED OFFENSES,ASSAULT 3,ANTI-MALE HOMOSEXUAL (GAY),Sexual Orientation,2022-07-01,Q34692651,QUEENS,7-2022,2022-07
202207912608717,2022,7,2022-07-29,79,PATROL BORO BKLYN NORTH,KINGS,MISDEMEANOR,OFF. AGNST PUB ORD SENSBLTY &,AGGRAVATED HARASSMENT 2,ANTI-MALE HOMOSEXUAL (GAY),Sexual Orientation,,,BROOKLYN,7-2022,2022-07
202211112313017,2022,7,2022-07-07,111,PATROL BORO QUEENS NORTH,QUEENS,MISDEMEANOR,CRIMINAL MISCHIEF & RELATED OF,"CRIMINAL MISCHIEF,UNCLASSIFIED 4",ANTI-MALE HOMOSEXUAL (GAY),Sexual Orientation,,,QUEENS,7-2022,2022-07
202207712483317,2022,7,2022-07-11,77,PATROL BORO BKLYN NORTH,KINGS,MISDEMEANOR,CRIMINAL MISCHIEF & RELATED OF,"CRIMINAL MISCHIEF 4TH, GRAFFIT",ANTI-MALE HOMOSEXUAL (GAY),Sexual Orientation,,,BROOKLYN,7-2022,2022-07
202211412913817,2022,7,2022-07-26,114,PATROL BORO QUEENS NORTH,QUEENS,MISDEMEANOR,CRIMINAL MISCHIEF & RELATED OF,"CRIMINAL MISCHIEF 4TH, GRAFFIT",ANTI-MALE HOMOSEXUAL (GAY),Sexual Orientation,,,QUEENS,7-2022,2022-07
202200112747017,2022,8,2022-08-24,1,PATROL BORO MAN SOUTH,NEW YORK,MISDEMEANOR,OFFENSES AGAINST PUBLIC ADMINI,RESISTING ARREST,ANTI-MALE HOMOSEXUAL (GAY),Sexual Orientation,2022-08-24,M34703775,MANHATTAN,8-2022,2022-08
202201413087017,2022,8,2022-08-25,14,PATROL BORO MAN SOUTH,NEW YORK,MISDEMEANOR,ASSAULT 3 & RELATED OFFENSES,"MENACING,UNCLASSIFIED",ANTI-MALE HOMOSEXUAL (GAY),Sexual Orientation,2022-10-13,M34710804,MANHATTAN,8-2022,2022-08
202201413087017,2022,8,2022-08-25,14,PATROL BORO MAN SOUTH,NEW YORK,MISDEMEANOR,ASSAULT 3 & RELATED OFFENSES,"MENACING,UNCLASSIFIED",ANTI-MALE HOMOSEXUAL (GAY),Sexual Orientation,2023-03-20,M35683719,MANHATTAN,8-2022,2022-08
202210412720717,2022,8,2022-09-21,104,PATROL BORO QUEENS NORTH,QUEENS,FELONY,FELONY ASSAULT,"ASSAULT 2,1,UNCLASSIFIED",ANTI-MALE HOMOSEXUAL (GAY),Sexual Orientation,2022-09-25,Q34702377,QUEENS,8-2022,2022-08
202204512541417,2022,8,2022-08-05,45,PATROL BORO BRONX,BRONX,MISDEMEANOR,ASSAULT 3 & RELATED OFFENSES,ASSAULT 3,ANTI-MALE HOMOSEXUAL (GAY),Sexual Orientation,,,BRONX,8-2022,2022-08
202206012632617,2022,8,2022-08-21,60,PATROL BORO BKLYN SOUTH,KINGS,FELONY,FELONY ASSAULT,STRANGULATION 1ST,ANTI-MALE HOMOSEXUAL (GAY),Sexual Orientation,,,BROOKLYN,8-2022,2022-08
202210612623117,2022,8,2022-08-15,106,PATROL BORO QUEENS SOUTH,QUEENS,MISDEMEANOR,OFF. AGNST PUB ORD SENSBLTY &,AGGRAVATED HARASSMENT 2,ANTI-MALE HOMOSEXUAL (GAY),Sexual Orientation,,,QUEENS,8-2022,2022-08
202202812507717,2022,8,2022-08-30,28,PATROL BORO MAN NORTH,NEW YORK,FELONY,FELONY ASSAULT,"ASSAULT 2,1,UNCLASSIFIED",ANTI-MALE HOMOSEXUAL (GAY),Sexual Orientation,,,MANHATTAN,8-2022,2022-08
202207212527717,2022,9,2022-07-29,72,PATROL BORO BKLYN SOUTH,KINGS,FELONY,MISCELLANEOUS PENAL LAW,AGGRAVATED HARASSMENT 1,ANTI-FEMALE HOMOSEXUAL (LESBIAN),Sexual Orientation,2022-07-29,K34703840,BROOKLYN,9-2022,2022-09
202200112808317,2022,9,2022-09-16,1,PATROL BORO MAN SOUTH,NEW YORK,FELONY,MISCELLANEOUS PENAL LAW,MENACING 1ST DEGREE (VICT NOT,ANTI-MALE HOMOSEXUAL (GAY),Sexual Orientation,2022-09-16,K34711080,MANHATTAN,9-2022,2022-09
202210412720517,2022,9,2022-09-21,104,PATROL BORO QUEENS NORTH,QUEENS,FELONY,FELONY ASSAULT,"ASSAULT 2,1,UNCLASSIFIED",ANTI-MALE HOMOSEXUAL (GAY),Sexual Orientation,2022-12-08,Q34711440,QUEENS,9-2022,2022-09
202200112808317,2022,9,2022-09-16,1,PATROL BORO MAN SOUTH,NEW YORK,FELONY,MISCELLANEOUS PENAL LAW,MENACING 1ST DEGREE (VICT NOT,ANTI-MALE HOMOSEXUAL (GAY),Sexual Orientation,,,MANHATTAN,9-2022,2022-09
202201413249117,2022,9,2022-09-29,14,PATROL BORO MAN SOUTH,NEW YORK,MISDEMEANOR,ASSAULT 3 & RELATED OFFENSES,ASSAULT 3,ANTI-MALE HOMOSEXUAL (GAY),Sexual Orientation,,,MANHATTAN,9-2022,2022-09
202203012521717,2022,9,2022-09-24,30,PATROL BORO MAN NORTH,NEW YORK,FELONY,FELONY ASSAULT,"ASSAULT 2,1,UNCLASSIFIED",ANTI-MALE HOMOSEXUAL (GAY),Sexual Orientation,,,MANHATTAN,9-2022,2022-09
202210712651917,2022,9,2022-09-03,107,PATROL BORO QUEENS SOUTH,QUEENS,MISDEMEANOR,CRIMINAL MISCHIEF & RELATED OF,"CRIMINAL MISCHIEF,UNCLASSIFIED 4",ANTI-MALE HOMOSEXUAL (GAY),Sexual Orientation,,,QUEENS,9-2022,2022-09
202209012650217,2022,9,2022-09-02,90,PATROL BORO BKLYN NORTH,KINGS,MISDEMEANOR,OFF. AGNST PUB ORD SENSBLTY &,AGGRAVATED HARASSMENT 2,ANTI-MALE HOMOSEXUAL (GAY),Sexual Orientation,,,BROOKLYN,9-2022,2022-09
202204912792117,2022,10,2022-10-11,49,PATROL BORO BRONX,BRONX,FELONY,FELONY ASSAULT,"ASSAULT 2,1,UNCLASSIFIED",ANTI-MALE HOMOSEXUAL (GAY),Sexual Orientation,2022-10-11,B34707656,BRONX,10-2022,2022-10
202201812963217,2022,10,2022-10-30,18,PATROL BORO MAN SOUTH,NEW YORK,MISDEMEANOR,ASSAULT 3 & RELATED OFFENSES,ASSAULT 3,ANTI-MALE HOMOSEXUAL (GAY),Sexual Orientation,2022-12-06,M34718560,MANHATTAN,10-2022,2022-10
202203212729617,2022,10,2022-10-19,32,PATROL BORO MAN NORTH,NEW YORK,MISDEMEANOR,CRIMINAL MISCHIEF & RELATED OF,"CRIMINAL MISCHIEF,UNCLASSIFIED 4",ANTI-MALE HOMOSEXUAL (GAY),Sexual Orientation,,,MANHATTAN,10-2022,2022-10
202211413361717,2022,11,2022-11-14,114,PATROL BORO QUEENS NORTH,QUEENS,MISDEMEANOR,ASSAULT 3 & RELATED OFFENSES,"MENACING,UNCLASSIFIED",ANTI-MALE HOMOSEXUAL (GAY),Sexual Orientation,2023-01-23,Q35675081,QUEENS,11-2022,2022-11
202201312944517,2022,12,2022-12-08,13,PATROL BORO MAN SOUTH,NEW YORK,FELONY,FELONY ASSAULT,ASSAULT POLICE/PEACE OFFICER,ANTI-MALE HOMOSEXUAL (GAY),Sexual Orientation,2022-12-08,M34719049,MANHATTAN,12-2022,2022-12
202201312944517,2022,12,2022-12-08,13,PATROL BORO MAN SOUTH,NEW YORK,FELONY,FELONY ASSAULT,ASSAULT POLICE/PEACE OFFICER,ANTI-MALE HOMOSEXUAL (GAY),Sexual Orientation,2022-12-08,M34719051,MANHATTAN,12-2022,2022-12
202200512640617,2022,12,2022-12-10,5,PATROL BORO MAN SOUTH,NEW YORK,FELONY,FELONY ASSAULT,"ASSAULT 2,1,UNCLASSIFIED",ANTI-FEMALE HOMOSEXUAL (LESBIAN),Sexual Orientation,2023-01-05,M35672659,MANHATTAN,12-2022,2022-12
202207514168017,2022,12,2022-12-05,75,PATROL BORO BKLYN NORTH,KINGS,MISDEMEANOR,CRIMINAL MISCHIEF & RELATED OF,"CRIMINAL MISCHIEF,UNCLASSIFIED 4",ANTI-MALE HOMOSEXUAL (GAY),Sexual Orientation,,,BROOKLYN,12-2022,2022-12
202302812100917,2023,1,2023-01-17,28,PATROL BORO MAN NORTH,NEW YORK,FELONY,FELONY ASSAULT,"ASSAULT 2,1,UNCLASSIFIED",ANTI-MALE HOMOSEXUAL (GAY),Sexual Orientation,2023-01-17,M35674591,MANHATTAN,1-2023,2023-01
202300712124717,2023,1,2023-02-02,7,PATROL BORO MAN SOUTH,NEW YORK,MISDEMEANOR,OFF. AGNST PUB ORD SENSBLTY &,AGGRAVATED HARASSMENT 2,ANTI-MALE HOMOSEXUAL (GAY),Sexual Orientation,2023-02-16,M35679080,MANHATTAN,1-2023,2023-01
202307512194917,2023,1,2023-01-20,75,PATROL BORO BKLYN NORTH,KINGS,MISDEMEANOR,CRIMINAL MISCHIEF & RELATED OF,"CRIMINAL MISCHIEF 4TH, GRAFFIT",ANTI-MALE HOMOSEXUAL (GAY),Sexual Orientation,,,BROOKLYN,1-2023,2023-01
202304312126217,2023,1,2023-01-13,43,PATROL BORO BRONX,BRONX,FELONY,FELONY ASSAULT,"ASSAULT 2,1,UNCLASSIFIED",ANTI-FEMALE HOMOSEXUAL (LESBIAN),Sexual Orientation,,,BRONX,1-2023,2023-01
202300112200617,2023,2,2023-02-20,1,PATROL BORO MAN SOUTH,NEW YORK,FELONY,ARSON,"ARSON 2,3,4",ANTI-MALE HOMOSEXUAL (GAY),Sexual Orientation,2023-02-21,M35679818,MANHATTAN,2-2023,2023-02
202309412145617,2023,2,2023-02-19,94,PATROL BORO BKLYN NORTH,KINGS,MISDEMEANOR,CRIMINAL MISCHIEF & RELATED OF,"CRIMINAL MISCHIEF,UNCLASSIFIED 4",ANTI-FEMALE HOMOSEXUAL (LESBIAN),Sexual Orientation,,,BROOKLYN,2-2023,2023-02
202301412326417,2023,2,2023-02-23,14,PATROL BORO MAN SOUTH,NEW YORK,MISDEMEANOR,OFF. AGNST PUB ORD SENSBLTY &,AGGRAVATED HARASSMENT 2,ANTI-MALE HOMOSEXUAL (GAY),Sexual Orientation,,,MANHATTAN,2-2023,2023-02
202310812182217,2023,2,2023-02-18,108,PATROL BORO QUEENS NORTH,QUEENS,FELONY,ROBBERY,"ROBBERY,PERSONAL ELECTRONIC DEVICE",ANTI-MALE HOMOSEXUAL (GAY),Sexual Orientation,,,QUEENS,2-2023,2023-02
202301012126417,2023,2,2023-02-08,10,PATROL BORO MAN SOUTH,NEW YORK,MISDEMEANOR,OFF. AGNST PUB ORD SENSBLTY &,AGGRAVATED HARASSMENT 2,ANTI-MALE HOMOSEXUAL (GAY),Sexual Orientation,,,MANHATTAN,2-2023,2023-02
202301012191417,2023,3,2023-03-23,10,PATROL BORO MAN SOUTH,NEW YORK,MISDEMEANOR,OFF. AGNST PUB ORD SENSBLTY &,AGGRAVATED HARASSMENT 2,ANTI-MALE HOMOSEXUAL (GAY),Sexual Orientation,2023-03-23,M35684079,MANHATTAN,3-2023,2023-03
202311512358717,2023,3,2023-03-25,115,PATROL BORO QUEENS NORTH,QUEENS,FELONY,FELONY ASSAULT,"ASSAULT 2,1,UNCLASSIFIED",ANTI-MALE HOMOSEXUAL (GAY),Sexual Orientation,2023-03-25,Q35683299,QUEENS,3-2023,2023-03
202311412378117,2023,3,2023-03-21,114,PATROL BORO QUEENS NORTH,QUEENS,MISDEMEANOR,OFF. AGNST PUB ORD SENSBLTY &,AGGRAVATED HARASSMENT 2,ANTI-MALE HOMOSEXUAL (GAY),Sexual Orientation,,,QUEENS,3-2023,2023-03
202311012279217,2023,3,2023-03-03,110,PATROL BORO QUEENS NORTH,QUEENS,FELONY,ROBBERY,"ROBBERY,CLOTHING",ANTI-MALE HOMOSEXUAL (GAY),Sexual Orientation,,,QUEENS,3-2023,2023-03
